function_id,status,severity,as_of,excel_builds_judged,rows_judged,rows_agree,worst_ulp,exact_domain_note,kernel_story_ref,blocked_by,evidence_refs
FUNC.ABS,consistent,,2026-07-02,pre-20430 (20026..20326; per-row build in evidence),,,,"July map bit_exact_observed (array_rollup runs, no non-match; not a closure claim)",,,smart-fuzzer/planning/FUNCTION_STATUS_MAP.md#bit_exact_observed
FUNC.ACCRINT,divergent,unmeasured,2026-07-12,pre-20430 (20026..20326; per-row build in evidence),146850,146850,,"July numeric_drift_open via BUG-FUNC-030; streams now closed_signed_off; conflict: July map said consistent, stock take says divergent; stock take wins; catalog 146,850/146,850 but stock take lists ACCRINT residual rows as not yet exact; conflict to resolve",,,smart-fuzzer/planning/FUNCTION_STATUS_MAP.md#numeric_drift_open;BUG_STREAM_REGISTER:BUG-FUNC-030;docs/function-lane/BIT_EXACT_STOCK_TAKE_20260922.md
FUNC.ACCRINTM,consistent,,2026-09-25,20430,2412,2412,0,"W111 G8-06 fix (shared Excel actual/actual, equal dates 0, rate > 0), two fresh corpora: 2412/2412 on build 20430, all rows agree; was divergent/structural; earlier: W111-5 fresh corpus 2026-09-24 on build 20430 (smart-fuzzer/tools/w111/gen_w111_5_batches.py seed 20260924): 1002/1206, misses {'gross': 198, 'last_bit': 4, 'structural': 2}; was unverified; earlier: July map bit_exact_observed (array_rollup runs, no non-match; not a closure claim); conflict: July map said consistent, stock take says unverified; stock take wins; single witness (W111-5)",,,docs/function-lane/evidence/w111-g8-accrintm-20260925/misses.json;docs/function-lane/evidence/w111-5-20260924/misses.json;smart-fuzzer/planning/FUNCTION_STATUS_MAP.md#bit_exact_observed;docs/function-lane/BIT_EXACT_STOCK_TAKE_20260922.md
FUNC.ACOS,divergent,last_bit,2026-09-12,pre-20430 (20026..20326; per-row build in evidence),34,33,1,"July map bit_exact_observed (array_rollup runs, no non-match; not a closure claim); conflict: July map said consistent, stock take says divergent; stock take wins; ACOS(0.5) libm 1 ULP",,,smart-fuzzer/planning/FUNCTION_STATUS_MAP.md#bit_exact_observed;docs/function-lane/BIT_EXACT_STOCK_TAKE_20260922.md
FUNC.ACOSH,consistent,,2026-09-24,20430,1510,1510,0,"W111-5 fresh corpus 2026-09-24 on build 20430 (smart-fuzzer/tools/w111/gen_w111_5_batches.py seed 20260924): 1510/1510, all rows agree; was unverified; earlier: July numeric_drift_open via BUG-FUNC-027; stream status open; conflict: July map said divergent, stock take says unverified; stock take wins; July map bit_exact_observed, no dedicated lane (W111-5)",,,docs/function-lane/evidence/w111-5-20260924/misses.json;smart-fuzzer/planning/FUNCTION_STATUS_MAP.md#numeric_drift_open;BUG_STREAM_REGISTER:BUG-FUNC-027;docs/function-lane/BIT_EXACT_STOCK_TAKE_20260922.md
FUNC.ACOT,consistent,,2026-09-12,pre-20430 (20026..20326; per-row build in evidence),28,28,0,"July mixed_or_open: genuine non-match rows, no linked stream, untriaged (W111-6); conflict: July map said divergent, stock take says consistent; stock take wins; small corpus",,,smart-fuzzer/planning/FUNCTION_STATUS_MAP.md#mixed_or_open;docs/function-lane/BIT_EXACT_STOCK_TAKE_20260922.md
FUNC.ACOTH,consistent,,2026-09-12,pre-20430 (20026..20326; per-row build in evidence),335321,335321,0,"July numeric_drift_open via BUG-FUNC-027; stream status open; conflict: July map said divergent, stock take says consistent; stock take wins; incl. held-out 66,552/66,552; closed_signed_off; characterized-candidate",,,smart-fuzzer/planning/FUNCTION_STATUS_MAP.md#numeric_drift_open;BUG_STREAM_REGISTER:BUG-FUNC-027;docs/function-lane/BIT_EXACT_STOCK_TAKE_20260922.md
FUNC.ADDRESS,unverified,,,,,,,July structural_bug_open via BUG-FUNC-018; streams now validated_local (fix not re-judged live): re-judge in W111-6,,,smart-fuzzer/planning/FUNCTION_STATUS_MAP.md#structural_bug_open;BUG_STREAM_REGISTER:BUG-FUNC-018
FUNC.AGGREGATE,unverified,,,,,,,July harness_pending: AggregateReferenceContext host info: OxCalc integration lane,,harness:workbook,smart-fuzzer/planning/FUNCTION_STATUS_MAP.md#harness_pending
FUNC.AMORDEGRC,consistent,,2026-07-02,pre-20430 (20026..20326; per-row build in evidence),,,,"July map bit_exact_observed (array_rollup runs, no non-match; not a closure claim)",,,smart-fuzzer/planning/FUNCTION_STATUS_MAP.md#bit_exact_observed
FUNC.AMORLINC,consistent,,2026-07-02,pre-20430 (20026..20326; per-row build in evidence),,,,"July map bit_exact_observed (array_rollup runs, no non-match; not a closure claim)",,,smart-fuzzer/planning/FUNCTION_STATUS_MAP.md#bit_exact_observed
FUNC.AND,divergent,structural,2026-09-15,pre-20430 (20026..20326; per-row build in evidence),,,,"July map bit_exact_observed (array_rollup runs, no non-match; not a closure claim); conflict: consistent below, open catalog row G1-02 above; catalog wins; catalog G1-02: direct text other than TRUE/FALSE raises #VALUE! where Excel ignores it; fix owned by oxf-xvt5.15",,,smart-fuzzer/planning/FUNCTION_STATUS_MAP.md#bit_exact_observed;docs/OXFUNC_EXCEL_DISCREPANCY_CATALOG.md#G1-02
FUNC.ARABIC,consistent,,2026-07-02,pre-20430 (20026..20326; per-row build in evidence),,,,July structural_bug_open via BUG-FUNC-028; streams now closed_signed_off,,,smart-fuzzer/planning/FUNCTION_STATUS_MAP.md#structural_bug_open;BUG_STREAM_REGISTER:BUG-FUNC-028
FUNC.AREAS,unverified,,,,,,,July structural_bug_open via BUG-FUNC-003; streams now handed_off (fix not re-judged live): re-judge in W111-6,,,smart-fuzzer/planning/FUNCTION_STATUS_MAP.md#structural_bug_open;BUG_STREAM_REGISTER:BUG-FUNC-003
FUNC.ARRAYTOTEXT,consistent,,2026-07-02,pre-20430 (20026..20326; per-row build in evidence),,,,July structural_bug_open via BUG-FUNC-028; streams now closed_signed_off,,,smart-fuzzer/planning/FUNCTION_STATUS_MAP.md#structural_bug_open;BUG_STREAM_REGISTER:BUG-FUNC-028
FUNC.ASC,unverified,,,,,,,"July structural_bug_open via BUG-FUNC-028; streams now closed_signed_off; conflict: July map said consistent, stock take says unverified; stock take wins; Cat-1 locale seam; July runs returned #VALUE! at the seam (TEXT 0/78); judge under a pinned locale (W111-11)",,harness:locale,smart-fuzzer/planning/FUNCTION_STATUS_MAP.md#structural_bug_open;BUG_STREAM_REGISTER:BUG-FUNC-028;docs/function-lane/BIT_EXACT_STOCK_TAKE_20260922.md
FUNC.ASIN,consistent,,2026-07-02,pre-20430 (20026..20326; per-row build in evidence),,,,"July map bit_exact_observed (array_rollup runs, no non-match; not a closure claim)",,,smart-fuzzer/planning/FUNCTION_STATUS_MAP.md#bit_exact_observed
FUNC.ASINH,divergent,gross,2026-09-24,20430,1517,1176,16777215,"W111-5 fresh corpus 2026-09-24 on build 20430 (smart-fuzzer/tools/w111/gen_w111_5_batches.py seed 20260924): 1176/1517, misses {'gross': 2, 'last_bit': 339}; was unverified; earlier: July map bit_exact_observed (array_rollup runs, no non-match; not a closure claim); conflict: July map said consistent, stock take says unverified; stock take wins; July map bit_exact_observed, no dedicated lane (W111-5)",,,docs/function-lane/evidence/w111-5-20260924/misses.json;smart-fuzzer/planning/FUNCTION_STATUS_MAP.md#bit_exact_observed;docs/function-lane/BIT_EXACT_STOCK_TAKE_20260922.md
FUNC.ATAN,consistent,,2026-07-02,pre-20430 (20026..20326; per-row build in evidence),,,,"July map bit_exact_observed (array_rollup runs, no non-match; not a closure claim)",,,smart-fuzzer/planning/FUNCTION_STATUS_MAP.md#bit_exact_observed
FUNC.ATAN2,divergent,unmeasured,2026-06-04,pre-20430 (20026..20326; per-row build in evidence),,,,July numeric_drift_open via BUG-FUNC-027; stream status open,,,smart-fuzzer/planning/FUNCTION_STATUS_MAP.md#numeric_drift_open;BUG_STREAM_REGISTER:BUG-FUNC-027
FUNC.ATANH,consistent,,2026-09-12,pre-20430 (20026..20326; per-row build in evidence),20780,20780,0,"July numeric_drift_open via BUG-FUNC-027; stream status open; conflict: July map said divergent, stock take says consistent; stock take wins; closed_signed_off; characterized-candidate",,,smart-fuzzer/planning/FUNCTION_STATUS_MAP.md#numeric_drift_open;BUG_STREAM_REGISTER:BUG-FUNC-027;docs/function-lane/BIT_EXACT_STOCK_TAKE_20260922.md
FUNC.AVEDEV,consistent,,2026-07-02,pre-20430 (20026..20326; per-row build in evidence),,,,"July map bit_exact_observed (array_rollup runs, no non-match; not a closure claim)",,,smart-fuzzer/planning/FUNCTION_STATUS_MAP.md#bit_exact_observed
FUNC.AVERAGE,consistent,,2026-07-02,pre-20430 (20026..20326; per-row build in evidence),,,,"July map bit_exact_observed (array_rollup runs, no non-match; not a closure claim)",,,smart-fuzzer/planning/FUNCTION_STATUS_MAP.md#bit_exact_observed
FUNC.AVERAGEA,consistent,,2026-07-02,pre-20430 (20026..20326; per-row build in evidence),,,,"July map bit_exact_observed (array_rollup runs, no non-match; not a closure claim)",,,smart-fuzzer/planning/FUNCTION_STATUS_MAP.md#bit_exact_observed
FUNC.AVERAGEIF,unverified,,,,,,,July structural_bug_open via BUG-FUNC-004; streams now validated_local (fix not re-judged live): re-judge in W111-6,,,smart-fuzzer/planning/FUNCTION_STATUS_MAP.md#structural_bug_open;BUG_STREAM_REGISTER:BUG-FUNC-004
FUNC.AVERAGEIFS,unverified,,,,,,,July structural_bug_open via BUG-FUNC-004; streams now validated_local (fix not re-judged live): re-judge in W111-6,,,smart-fuzzer/planning/FUNCTION_STATUS_MAP.md#structural_bug_open;BUG_STREAM_REGISTER:BUG-FUNC-004
FUNC.BAHTTEXT,consistent,,2026-09-25,20430,2040,2040,0,"W111 G8-07 fix, two fresh corpora + 22-row edge probe + 800-row held-out batch: 2040/2040 on build 20430, all rows agree; was divergent/structural; earlier: W111-5 fresh corpus 2026-09-24 on build 20430 (smart-fuzzer/tools/w111/gen_w111_5_batches.py seed 20260924): 306/609, misses {'structural': 303}; was unverified; earlier: July excluded: locale-specific Thai baht text; deterministic but excluded per scope decision; excluded in July by scope decision; in scope now (W111-5)",,harness:locale,docs/function-lane/evidence/w111-g8-bahttext-20260925/misses.json;docs/function-lane/evidence/w111-5-20260924/misses.json;smart-fuzzer/planning/FUNCTION_STATUS_MAP.md#excluded;docs/function-lane/BIT_EXACT_STOCK_TAKE_20260922.md
FUNC.BASE,consistent,,2026-07-02,pre-20430 (20026..20326; per-row build in evidence),,,,"July map bit_exact_observed (array_rollup runs, no non-match; not a closure claim)",,,smart-fuzzer/planning/FUNCTION_STATUS_MAP.md#bit_exact_observed
FUNC.BESSELI,consistent,,2026-07-12,pre-20430 (20026..20326; per-row build in evidence),18,18,0,"July map bit_exact_observed (array_rollup runs, no non-match; not a closure claim); small corpus",,,smart-fuzzer/planning/FUNCTION_STATUS_MAP.md#bit_exact_observed;docs/function-lane/BIT_EXACT_STOCK_TAKE_20260922.md
FUNC.BESSELJ,divergent,gross,2026-07-12,pre-20430 (20026..20326; per-row build in evidence),,,100000000,"July map bit_exact_observed (array_rollup runs, no non-match; not a closure claim); conflict: July map said consistent, stock take says divergent; stock take wins; composition exact at order 0; order>=1 x>=8 1e8-1e11 ULP (BUG-FUNC-024)",,,smart-fuzzer/planning/FUNCTION_STATUS_MAP.md#bit_exact_observed;docs/function-lane/BIT_EXACT_STOCK_TAKE_20260922.md
FUNC.BESSELK,consistent,,2026-07-12,pre-20430 (20026..20326; per-row build in evidence),794,794,0,"July map bit_exact_observed (array_rollup runs, no non-match; not a closure claim); x>=8 composition",,,smart-fuzzer/planning/FUNCTION_STATUS_MAP.md#bit_exact_observed;docs/function-lane/BIT_EXACT_STOCK_TAKE_20260922.md
FUNC.BESSELY,divergent,gross,2026-07-12,pre-20430 (20026..20326; per-row build in evidence),,,100000000,"July mixed_or_open: genuine non-match rows, no linked stream, untriaged (W111-6); order>=1 x>=8 1e8-1e11 ULP; 93/93 was fitted",,,smart-fuzzer/planning/FUNCTION_STATUS_MAP.md#mixed_or_open;docs/function-lane/BIT_EXACT_STOCK_TAKE_20260922.md
FUNC.BETA.DIST,divergent,unmeasured,2026-07-20,pre-20430 (20026..20326; per-row build in evidence),671,293,,"July numeric_drift_open via BUG-FUNC-021; stream status open; 293/671 held-out; spec identity 20,008/20,008",,wall:bgrat,smart-fuzzer/planning/FUNCTION_STATUS_MAP.md#numeric_drift_open;BUG_STREAM_REGISTER:BUG-FUNC-021;docs/function-lane/BIT_EXACT_STOCK_TAKE_20260922.md;docs/function-lane/W109_WALL_CLUES_LEDGER.md
FUNC.BETA.INV,divergent,unmeasured,2026-09-12,pre-20430 (20026..20326; per-row build in evidence),30,12,,July numeric_drift_open via BUG-FUNC-021; stream status open; closed forms refuted,,wall:bgrat,smart-fuzzer/planning/FUNCTION_STATUS_MAP.md#numeric_drift_open;BUG_STREAM_REGISTER:BUG-FUNC-021;docs/function-lane/BIT_EXACT_STOCK_TAKE_20260922.md;docs/function-lane/W109_WALL_CLUES_LEDGER.md
FUNC.BETADIST,divergent,unmeasured,2026-07-20,pre-20430 (20026..20326; per-row build in evidence),,,,July numeric_drift_open via BUG-FUNC-021; stream status open; as BETA.DIST,,wall:bgrat,smart-fuzzer/planning/FUNCTION_STATUS_MAP.md#numeric_drift_open;BUG_STREAM_REGISTER:BUG-FUNC-021;docs/function-lane/BIT_EXACT_STOCK_TAKE_20260922.md;docs/function-lane/W109_WALL_CLUES_LEDGER.md
FUNC.BETAINV,divergent,unmeasured,2026-09-15,pre-20430 (20026..20326; per-row build in evidence),,,,July numeric_drift_open via BUG-FUNC-021; stream status open; catalog G3-01: legacy distribution family; bodies on ERFC / bgrat / private PMF walls,,wall:bgrat,smart-fuzzer/planning/FUNCTION_STATUS_MAP.md#numeric_drift_open;BUG_STREAM_REGISTER:BUG-FUNC-021;docs/OXFUNC_EXCEL_DISCREPANCY_CATALOG.md#G3-01;docs/function-lane/W109_WALL_CLUES_LEDGER.md
FUNC.BIN2DEC,consistent,,2026-07-02,pre-20430 (20026..20326; per-row build in evidence),,,,"July map bit_exact_observed (array_rollup runs, no non-match; not a closure claim)",,,smart-fuzzer/planning/FUNCTION_STATUS_MAP.md#bit_exact_observed
FUNC.BIN2HEX,consistent,,2026-07-02,pre-20430 (20026..20326; per-row build in evidence),,,,"July map bit_exact_observed (array_rollup runs, no non-match; not a closure claim)",,,smart-fuzzer/planning/FUNCTION_STATUS_MAP.md#bit_exact_observed
FUNC.BIN2OCT,consistent,,2026-07-02,pre-20430 (20026..20326; per-row build in evidence),,,,July structural_bug_open via BUG-FUNC-028; streams now closed_signed_off,,,smart-fuzzer/planning/FUNCTION_STATUS_MAP.md#structural_bug_open;BUG_STREAM_REGISTER:BUG-FUNC-028
FUNC.BINOM.DIST,divergent,unmeasured,2026-09-12,pre-20430 (20026..20326; per-row build in evidence),,,,"July map bit_exact_observed (array_rollup runs, no non-match; not a closure claim); conflict: July map said consistent, stock take says divergent; stock take wins; k=n and k=0 slices landed; general-k 37.9%, overall 49.59%",,,smart-fuzzer/planning/FUNCTION_STATUS_MAP.md#bit_exact_observed;docs/function-lane/BIT_EXACT_STOCK_TAKE_20260922.md
FUNC.BINOM.DIST.RANGE,consistent,,2026-07-02,pre-20430 (20026..20326; per-row build in evidence),,,,"July map bit_exact_observed (array_rollup runs, no non-match; not a closure claim)",,,smart-fuzzer/planning/FUNCTION_STATUS_MAP.md#bit_exact_observed
FUNC.BINOM.INV,consistent,,2026-07-02,pre-20430 (20026..20326; per-row build in evidence),,,,"July map bit_exact_observed (array_rollup runs, no non-match; not a closure claim)",,,smart-fuzzer/planning/FUNCTION_STATUS_MAP.md#bit_exact_observed
FUNC.BINOMDIST,divergent,unmeasured,2026-09-12,pre-20430 (20026..20326; per-row build in evidence),,,,July structural_bug_open via BUG-FUNC-018; streams now validated_local (fix not re-judged live): re-judge in W111-6; as BINOM.DIST,,,smart-fuzzer/planning/FUNCTION_STATUS_MAP.md#structural_bug_open;BUG_STREAM_REGISTER:BUG-FUNC-018;docs/function-lane/BIT_EXACT_STOCK_TAKE_20260922.md
FUNC.BITAND,consistent,,2026-07-02,pre-20430 (20026..20326; per-row build in evidence),,,,"July map bit_exact_observed (array_rollup runs, no non-match; not a closure claim)",,,smart-fuzzer/planning/FUNCTION_STATUS_MAP.md#bit_exact_observed
FUNC.BITLSHIFT,consistent,,2026-07-02,pre-20430 (20026..20326; per-row build in evidence),,,,"July map bit_exact_observed (array_rollup runs, no non-match; not a closure claim)",,,smart-fuzzer/planning/FUNCTION_STATUS_MAP.md#bit_exact_observed
FUNC.BITOR,consistent,,2026-07-02,pre-20430 (20026..20326; per-row build in evidence),,,,"July map bit_exact_observed (array_rollup runs, no non-match; not a closure claim)",,,smart-fuzzer/planning/FUNCTION_STATUS_MAP.md#bit_exact_observed
FUNC.BITRSHIFT,consistent,,2026-07-02,pre-20430 (20026..20326; per-row build in evidence),,,,"July map bit_exact_observed (array_rollup runs, no non-match; not a closure claim)",,,smart-fuzzer/planning/FUNCTION_STATUS_MAP.md#bit_exact_observed
FUNC.BITXOR,consistent,,2026-07-02,pre-20430 (20026..20326; per-row build in evidence),,,,"July map bit_exact_observed (array_rollup runs, no non-match; not a closure claim)",,,smart-fuzzer/planning/FUNCTION_STATUS_MAP.md#bit_exact_observed
FUNC.BYCOL,unverified,,,,,,,July excluded: callable (lambda) argument,,harness:lambda,smart-fuzzer/planning/FUNCTION_STATUS_MAP.md#excluded
FUNC.BYROW,unverified,,,,,,,July excluded: callable (lambda) argument,,harness:lambda,smart-fuzzer/planning/FUNCTION_STATUS_MAP.md#excluded
FUNC.CALL,unverified,,,,,,,July excluded: host: external DLL call,,,smart-fuzzer/planning/FUNCTION_STATUS_MAP.md#excluded
FUNC.CEILING,consistent,,2026-07-02,pre-20430 (20026..20326; per-row build in evidence),,,,"July map bit_exact_observed (array_rollup runs, no non-match; not a closure claim)",,,smart-fuzzer/planning/FUNCTION_STATUS_MAP.md#bit_exact_observed
FUNC.CEILING.MATH,consistent,,2026-07-02,pre-20430 (20026..20326; per-row build in evidence),,,,"July map bit_exact_observed (array_rollup runs, no non-match; not a closure claim)",,,smart-fuzzer/planning/FUNCTION_STATUS_MAP.md#bit_exact_observed
FUNC.CEILING.PRECISE,consistent,,2026-07-02,pre-20430 (20026..20326; per-row build in evidence),,,,"July map bit_exact_observed (array_rollup runs, no non-match; not a closure claim)",,,smart-fuzzer/planning/FUNCTION_STATUS_MAP.md#bit_exact_observed
FUNC.CELL,consistent,,2026-07-02,pre-20430 (20026..20326; per-row build in evidence),,,,"July map bit_exact_observed (array_rollup runs, no non-match; not a closure claim)",,harness:workbook,smart-fuzzer/planning/FUNCTION_STATUS_MAP.md#bit_exact_observed
FUNC.CHAR,consistent,,2026-07-02,pre-20430 (20026..20326; per-row build in evidence),,,,"July map bit_exact_observed (array_rollup runs, no non-match; not a closure claim)",,,smart-fuzzer/planning/FUNCTION_STATUS_MAP.md#bit_exact_observed
FUNC.CHIDIST,divergent,unmeasured,2026-09-15,pre-20430 (20026..20326; per-row build in evidence),,,,July numeric_drift_open via BUG-FUNC-021; stream status open; catalog G3-01: legacy distribution family; bodies on ERFC / bgrat / private PMF walls,,wall:erf-erfc-body,smart-fuzzer/planning/FUNCTION_STATUS_MAP.md#numeric_drift_open;BUG_STREAM_REGISTER:BUG-FUNC-021;docs/OXFUNC_EXCEL_DISCREPANCY_CATALOG.md#G3-01;docs/function-lane/W109_WALL_CLUES_LEDGER.md
FUNC.CHIINV,divergent,unmeasured,2026-09-15,pre-20430 (20026..20326; per-row build in evidence),,,,July numeric_drift_open via BUG-FUNC-021; stream status open; catalog G3-01: legacy distribution family; bodies on ERFC / bgrat / private PMF walls,,wall:bgrat,smart-fuzzer/planning/FUNCTION_STATUS_MAP.md#numeric_drift_open;BUG_STREAM_REGISTER:BUG-FUNC-021;docs/OXFUNC_EXCEL_DISCREPANCY_CATALOG.md#G3-01;docs/function-lane/W109_WALL_CLUES_LEDGER.md
FUNC.CHISQ.DIST,divergent,numeric,2026-09-12,pre-20430 (20026..20326; per-row build in evidence),4100,1615,8,"July numeric_drift_open via BUG-FUNC-021; stream status open; b26 1,615/4,100; PDF 4-8 ULP",,wall:bgrat;wall:private-pmf,smart-fuzzer/planning/FUNCTION_STATUS_MAP.md#numeric_drift_open;BUG_STREAM_REGISTER:BUG-FUNC-021;docs/function-lane/BIT_EXACT_STOCK_TAKE_20260922.md;docs/function-lane/W109_WALL_CLUES_LEDGER.md
FUNC.CHISQ.DIST.RT,divergent,unmeasured,2026-09-12,pre-20430 (20026..20326; per-row build in evidence),,,,July numeric_drift_open via BUG-FUNC-021; stream status open; CDF tail family,,wall:bgrat,smart-fuzzer/planning/FUNCTION_STATUS_MAP.md#numeric_drift_open;BUG_STREAM_REGISTER:BUG-FUNC-021;docs/function-lane/BIT_EXACT_STOCK_TAKE_20260922.md;docs/function-lane/W109_WALL_CLUES_LEDGER.md
FUNC.CHISQ.INV,divergent,unmeasured,2026-09-12,pre-20430 (20026..20326; per-row build in evidence),65,54,,July numeric_drift_open via BUG-FUNC-021; stream status open; df=2 dense 54/65,,wall:bgrat,smart-fuzzer/planning/FUNCTION_STATUS_MAP.md#numeric_drift_open;BUG_STREAM_REGISTER:BUG-FUNC-021;docs/function-lane/BIT_EXACT_STOCK_TAKE_20260922.md;docs/function-lane/W109_WALL_CLUES_LEDGER.md
FUNC.CHISQ.INV.RT,divergent,unmeasured,2026-09-12,pre-20430 (20026..20326; per-row build in evidence),,,,July numeric_drift_open via BUG-FUNC-021; stream status open,,wall:bgrat,smart-fuzzer/planning/FUNCTION_STATUS_MAP.md#numeric_drift_open;BUG_STREAM_REGISTER:BUG-FUNC-021;docs/function-lane/BIT_EXACT_STOCK_TAKE_20260922.md;docs/function-lane/W109_WALL_CLUES_LEDGER.md
FUNC.CHISQ.TEST,divergent,numeric,2026-09-15,pre-20430 (20026..20326; per-row build in evidence),,,8,"July mixed_or_open: genuine non-match rows, no linked stream, untriaged (W111-6); catalog G3-05: statistic identified; df=1 via ERFC 154/154; rest inherits GRATIO + ERFC",,wall:erf-erfc-body,smart-fuzzer/planning/FUNCTION_STATUS_MAP.md#mixed_or_open;docs/OXFUNC_EXCEL_DISCREPANCY_CATALOG.md#G3-05;docs/function-lane/W109_WALL_CLUES_LEDGER.md
FUNC.CHITEST,divergent,numeric,2026-09-15,pre-20430 (20026..20326; per-row build in evidence),,,8,"July mixed_or_open: genuine non-match rows, no linked stream, untriaged (W111-6); catalog G3-05: statistic identified; df=1 via ERFC 154/154; rest inherits GRATIO + ERFC",,wall:erf-erfc-body,smart-fuzzer/planning/FUNCTION_STATUS_MAP.md#mixed_or_open;docs/OXFUNC_EXCEL_DISCREPANCY_CATALOG.md#G3-05;docs/function-lane/W109_WALL_CLUES_LEDGER.md
FUNC.CHOOSE,consistent,,2026-07-02,pre-20430 (20026..20326; per-row build in evidence),,,,"July map bit_exact_observed (array_rollup runs, no non-match; not a closure claim)",,,smart-fuzzer/planning/FUNCTION_STATUS_MAP.md#bit_exact_observed
FUNC.CHOOSECOLS,consistent,,2026-07-02,pre-20430 (20026..20326; per-row build in evidence),,,,"July map bit_exact_observed (array_rollup runs, no non-match; not a closure claim)",,,smart-fuzzer/planning/FUNCTION_STATUS_MAP.md#bit_exact_observed
FUNC.CHOOSEROWS,consistent,,2026-07-02,pre-20430 (20026..20326; per-row build in evidence),,,,"July map bit_exact_observed (array_rollup runs, no non-match; not a closure claim)",,,smart-fuzzer/planning/FUNCTION_STATUS_MAP.md#bit_exact_observed
FUNC.CLEAN,consistent,,2026-07-02,pre-20430 (20026..20326; per-row build in evidence),,,,July structural_bug_open via BUG-FUNC-028; streams now closed_signed_off,,,smart-fuzzer/planning/FUNCTION_STATUS_MAP.md#structural_bug_open;BUG_STREAM_REGISTER:BUG-FUNC-028
FUNC.CODE,consistent,,2026-07-02,pre-20430 (20026..20326; per-row build in evidence),,,,"July map bit_exact_observed (array_rollup runs, no non-match; not a closure claim)",,,smart-fuzzer/planning/FUNCTION_STATUS_MAP.md#bit_exact_observed
FUNC.COLUMN,consistent,,2026-07-02,pre-20430 (20026..20326; per-row build in evidence),,,,"July map bit_exact_observed (array_rollup runs, no non-match; not a closure claim)",,,smart-fuzzer/planning/FUNCTION_STATUS_MAP.md#bit_exact_observed
FUNC.COLUMNS,consistent,,2026-07-02,pre-20430 (20026..20326; per-row build in evidence),,,,"July map bit_exact_observed (array_rollup runs, no non-match; not a closure claim)",,,smart-fuzzer/planning/FUNCTION_STATUS_MAP.md#bit_exact_observed
FUNC.COMBIN,consistent,,2026-07-12,pre-20430 (20026..20326; per-row build in evidence),22242,22242,0,"July numeric_drift_open via BUG-FUNC-027; stream status open; conflict: July map said divergent, stock take says consistent; stock take wins; characterized-candidate",,,smart-fuzzer/planning/FUNCTION_STATUS_MAP.md#numeric_drift_open;BUG_STREAM_REGISTER:BUG-FUNC-027;docs/function-lane/BIT_EXACT_STOCK_TAKE_20260922.md
FUNC.COMBINA,consistent,,2026-07-12,pre-20430 (20026..20326; per-row build in evidence),40330,40330,0,"July numeric_drift_open via BUG-FUNC-027; stream status open; conflict: July map said divergent, stock take says consistent; stock take wins; +64,767 replay; characterized-candidate",,,smart-fuzzer/planning/FUNCTION_STATUS_MAP.md#numeric_drift_open;BUG_STREAM_REGISTER:BUG-FUNC-027;docs/function-lane/BIT_EXACT_STOCK_TAKE_20260922.md
FUNC.COMPLEX,unverified,,,,,,,July structural_bug_open via BUG-FUNC-018; streams now validated_local (fix not re-judged live): re-judge in W111-6,,,smart-fuzzer/planning/FUNCTION_STATUS_MAP.md#structural_bug_open;BUG_STREAM_REGISTER:BUG-FUNC-018
FUNC.CONCAT,consistent,,2026-07-02,pre-20430 (20026..20326; per-row build in evidence),,,,"July map bit_exact_observed (array_rollup runs, no non-match; not a closure claim)",,,smart-fuzzer/planning/FUNCTION_STATUS_MAP.md#bit_exact_observed
FUNC.CONCATENATE,consistent,,2026-07-02,pre-20430 (20026..20326; per-row build in evidence),,,,"July map bit_exact_observed (array_rollup runs, no non-match; not a closure claim)",,,smart-fuzzer/planning/FUNCTION_STATUS_MAP.md#bit_exact_observed
FUNC.CONFIDENCE,divergent,unmeasured,2026-05-04,pre-20430 (20026..20326; per-row build in evidence),,,,July numeric_drift_open via BUG-FUNC-021; stream status open,,wall:erf-erfc-body,smart-fuzzer/planning/FUNCTION_STATUS_MAP.md#numeric_drift_open;BUG_STREAM_REGISTER:BUG-FUNC-021;docs/function-lane/W109_WALL_CLUES_LEDGER.md
FUNC.CONFIDENCE.NORM,divergent,unmeasured,2026-05-04,pre-20430 (20026..20326; per-row build in evidence),,,,July numeric_drift_open via BUG-FUNC-021; stream status open,,wall:erf-erfc-body,smart-fuzzer/planning/FUNCTION_STATUS_MAP.md#numeric_drift_open;BUG_STREAM_REGISTER:BUG-FUNC-021;docs/function-lane/W109_WALL_CLUES_LEDGER.md
FUNC.CONFIDENCE.T,divergent,unmeasured,2026-09-15,pre-20430 (20026..20326; per-row build in evidence),,,,July numeric_drift_open via BUG-FUNC-021; stream status open; catalog G3-01: legacy distribution family; bodies on ERFC / bgrat / private PMF walls,,wall:bgrat,smart-fuzzer/planning/FUNCTION_STATUS_MAP.md#numeric_drift_open;BUG_STREAM_REGISTER:BUG-FUNC-021;docs/OXFUNC_EXCEL_DISCREPANCY_CATALOG.md#G3-01;docs/function-lane/W109_WALL_CLUES_LEDGER.md
FUNC.CONVERT,consistent,,2026-07-12,pre-20430 (20026..20326; per-row build in evidence),44607,44607,0,"July mixed_or_open: genuine non-match rows, no linked stream, untriaged (W111-6); conflict: July map said divergent, stock take says consistent; stock take wins; 10,418 + 34,189; characterized-candidate",,,smart-fuzzer/planning/FUNCTION_STATUS_MAP.md#mixed_or_open;docs/function-lane/BIT_EXACT_STOCK_TAKE_20260922.md
FUNC.CORREL,consistent,,2026-07-02,pre-20430 (20026..20326; per-row build in evidence),,,,"July map bit_exact_observed (array_rollup runs, no non-match; not a closure claim)",,,smart-fuzzer/planning/FUNCTION_STATUS_MAP.md#bit_exact_observed
FUNC.COS,consistent,,2026-09-12,pre-20430 (20026..20326; per-row build in evidence),2561,2561,0,"July numeric_drift_open via BUG-FUNC-027; stream status open; conflict: July map said divergent, stock take says consistent; stock take wins; characterized-candidate",,,smart-fuzzer/planning/FUNCTION_STATUS_MAP.md#numeric_drift_open;BUG_STREAM_REGISTER:BUG-FUNC-027;docs/function-lane/BIT_EXACT_STOCK_TAKE_20260922.md
FUNC.COSH,consistent,,2026-09-12,pre-20430 (20026..20326; per-row build in evidence),40,40,0,"July numeric_drift_open via BUG-FUNC-027; stream status open; conflict: July map said divergent, stock take says consistent; stock take wins",,,smart-fuzzer/planning/FUNCTION_STATUS_MAP.md#numeric_drift_open;BUG_STREAM_REGISTER:BUG-FUNC-027;docs/function-lane/BIT_EXACT_STOCK_TAKE_20260922.md
FUNC.COT,consistent,,2026-09-12,pre-20430 (20026..20326; per-row build in evidence),10,10,0,"July numeric_drift_open via BUG-FUNC-027; stream status open; conflict: July map said divergent, stock take says consistent; stock take wins; small corpus",,,smart-fuzzer/planning/FUNCTION_STATUS_MAP.md#numeric_drift_open;BUG_STREAM_REGISTER:BUG-FUNC-027;docs/function-lane/BIT_EXACT_STOCK_TAKE_20260922.md
FUNC.COTH,consistent,,2026-09-12,pre-20430 (20026..20326; per-row build in evidence),28,28,0,"July numeric_drift_open via BUG-FUNC-027; stream status open; conflict: July map said divergent, stock take says consistent; stock take wins; small corpus",,,smart-fuzzer/planning/FUNCTION_STATUS_MAP.md#numeric_drift_open;BUG_STREAM_REGISTER:BUG-FUNC-027;docs/function-lane/BIT_EXACT_STOCK_TAKE_20260922.md
FUNC.COUNT,consistent,,2026-07-02,pre-20430 (20026..20326; per-row build in evidence),,,,"July map bit_exact_observed (array_rollup runs, no non-match; not a closure claim)",,,smart-fuzzer/planning/FUNCTION_STATUS_MAP.md#bit_exact_observed
FUNC.COUNTA,consistent,,2026-07-02,pre-20430 (20026..20326; per-row build in evidence),,,,"July map bit_exact_observed (array_rollup runs, no non-match; not a closure claim)",,,smart-fuzzer/planning/FUNCTION_STATUS_MAP.md#bit_exact_observed
FUNC.COUNTBLANK,consistent,,2026-07-02,pre-20430 (20026..20326; per-row build in evidence),,,,"July map bit_exact_observed (array_rollup runs, no non-match; not a closure claim)",,,smart-fuzzer/planning/FUNCTION_STATUS_MAP.md#bit_exact_observed
FUNC.COUNTIF,unverified,,,,,,,July structural_bug_open via BUG-FUNC-004; streams now validated_local (fix not re-judged live): re-judge in W111-6,,,smart-fuzzer/planning/FUNCTION_STATUS_MAP.md#structural_bug_open;BUG_STREAM_REGISTER:BUG-FUNC-004
FUNC.COUNTIFS,unverified,,,,,,,July structural_bug_open via BUG-FUNC-004; streams now validated_local (fix not re-judged live): re-judge in W111-6,,,smart-fuzzer/planning/FUNCTION_STATUS_MAP.md#structural_bug_open;BUG_STREAM_REGISTER:BUG-FUNC-004
FUNC.COUPDAYBS,consistent,,2026-09-25,20430,4084,4084,0,"W111 G8-08 schedule fix (coupon dates from maturity), two fresh corpora + July b37 battery: 4084/4084 on build 20430, all rows agree; was divergent/gross; earlier: W111-5 fresh corpus 2026-09-24 on build 20430 (smart-fuzzer/tools/w111/gen_w111_5_batches.py seed 20260924): 1504/1512, misses {'gross': 8}; was unverified; earlier: July map bit_exact_observed (array_rollup runs, no non-match; not a closure claim); conflict: July map said consistent, stock take says unverified; stock take wins; 6x1060 Handbook captures, no judgement (W111-5)",,,docs/function-lane/evidence/w111-g8-coup-20260925/misses.json;docs/function-lane/evidence/w111-5-20260924/misses.json;smart-fuzzer/planning/FUNCTION_STATUS_MAP.md#bit_exact_observed;docs/function-lane/BIT_EXACT_STOCK_TAKE_20260922.md
FUNC.COUPDAYS,divergent,gross,2026-09-25,20430,4084,4034,211106232532992,"W111 G8-08 schedule fix (coupon dates from maturity), two fresh corpora + July b37 battery: 4034/4084 on build 20430, misses {'gross': 50}; was divergent/gross; earlier: W111-5 fresh corpus 2026-09-24 on build 20430 (smart-fuzzer/tools/w111/gen_w111_5_batches.py seed 20260924): 1464/1512, misses {'gross': 48}; was unverified; earlier: July map bit_exact_observed (array_rollup runs, no non-match; not a closure claim); conflict: July map said consistent, stock take says unverified; stock take wins; 6x1060 Handbook captures, no judgement (W111-5)",,,docs/function-lane/evidence/w111-g8-coup-20260925/misses.json;docs/function-lane/evidence/w111-5-20260924/misses.json;smart-fuzzer/planning/FUNCTION_STATUS_MAP.md#bit_exact_observed;docs/function-lane/BIT_EXACT_STOCK_TAKE_20260922.md
FUNC.COUPDAYSNC,divergent,gross,2026-09-25,20430,4084,4074,10696049115004928,"W111 G8-08 schedule fix (coupon dates from maturity), two fresh corpora + July b37 battery: 4074/4084 on build 20430, misses {'gross': 10}; was divergent/gross; earlier: W111-5 fresh corpus 2026-09-24 on build 20430 (smart-fuzzer/tools/w111/gen_w111_5_batches.py seed 20260924): 1503/1512, misses {'gross': 9}; was unverified; earlier: July map bit_exact_observed (array_rollup runs, no non-match; not a closure claim); conflict: July map said consistent, stock take says unverified; stock take wins; 6x1060 Handbook captures, no judgement (W111-5)",,,docs/function-lane/evidence/w111-g8-coup-20260925/misses.json;docs/function-lane/evidence/w111-5-20260924/misses.json;smart-fuzzer/planning/FUNCTION_STATUS_MAP.md#bit_exact_observed;docs/function-lane/BIT_EXACT_STOCK_TAKE_20260922.md
FUNC.COUPNCD,consistent,,2026-09-25,20430,4084,4084,0,"W111 G8-08 schedule fix (coupon dates from maturity), two fresh corpora + July b37 battery: 4084/4084 on build 20430, all rows agree; was divergent/gross; earlier: W111-5 fresh corpus 2026-09-24 on build 20430 (smart-fuzzer/tools/w111/gen_w111_5_batches.py seed 20260924): 1500/1512, misses {'gross': 12}; was unverified; earlier: July map bit_exact_observed (array_rollup runs, no non-match; not a closure claim); conflict: July map said consistent, stock take says unverified; stock take wins; 6x1060 Handbook captures, no judgement (W111-5)",,,docs/function-lane/evidence/w111-g8-coup-20260925/misses.json;docs/function-lane/evidence/w111-5-20260924/misses.json;smart-fuzzer/planning/FUNCTION_STATUS_MAP.md#bit_exact_observed;docs/function-lane/BIT_EXACT_STOCK_TAKE_20260922.md
FUNC.COUPNUM,divergent,structural,2026-09-25,20430,4084,4082,,"W111 G8-08 schedule fix (coupon dates from maturity), two fresh corpora + July b37 battery: 4082/4084 on build 20430, misses {'structural': 2}; was divergent/structural; earlier: W111-5 fresh corpus 2026-09-24 on build 20430 (smart-fuzzer/tools/w111/gen_w111_5_batches.py seed 20260924): 1511/1512, misses {'structural': 1}; was unverified; earlier: July map bit_exact_observed (array_rollup runs, no non-match; not a closure claim); conflict: July map said consistent, stock take says unverified; stock take wins; 6x1060 Handbook captures, no judgement (W111-5)",,,docs/function-lane/evidence/w111-g8-coup-20260925/misses.json;docs/function-lane/evidence/w111-5-20260924/misses.json;smart-fuzzer/planning/FUNCTION_STATUS_MAP.md#bit_exact_observed;docs/function-lane/BIT_EXACT_STOCK_TAKE_20260922.md
FUNC.COUPPCD,consistent,,2026-09-25,20430,4084,4084,0,"W111 G8-08 schedule fix (coupon dates from maturity), two fresh corpora + July b37 battery: 4084/4084 on build 20430, all rows agree; was divergent/gross; earlier: W111-5 fresh corpus 2026-09-24 on build 20430 (smart-fuzzer/tools/w111/gen_w111_5_batches.py seed 20260924): 1496/1512, misses {'gross': 16}; was unverified; earlier: July map bit_exact_observed (array_rollup runs, no non-match; not a closure claim); conflict: July map said consistent, stock take says unverified; stock take wins; 6x1060 Handbook captures, no judgement (W111-5)",,,docs/function-lane/evidence/w111-g8-coup-20260925/misses.json;docs/function-lane/evidence/w111-5-20260924/misses.json;smart-fuzzer/planning/FUNCTION_STATUS_MAP.md#bit_exact_observed;docs/function-lane/BIT_EXACT_STOCK_TAKE_20260922.md
FUNC.COVAR,consistent,,2026-07-02,pre-20430 (20026..20326; per-row build in evidence),,,,"July map bit_exact_observed (array_rollup runs, no non-match; not a closure claim)",,,smart-fuzzer/planning/FUNCTION_STATUS_MAP.md#bit_exact_observed
FUNC.COVARIANCE.P,consistent,,2026-07-02,pre-20430 (20026..20326; per-row build in evidence),,,,"July map bit_exact_observed (array_rollup runs, no non-match; not a closure claim)",,,smart-fuzzer/planning/FUNCTION_STATUS_MAP.md#bit_exact_observed
FUNC.COVARIANCE.S,consistent,,2026-07-02,pre-20430 (20026..20326; per-row build in evidence),,,,"July map bit_exact_observed (array_rollup runs, no non-match; not a closure claim)",,,smart-fuzzer/planning/FUNCTION_STATUS_MAP.md#bit_exact_observed
FUNC.CRITBINOM,consistent,,2026-07-02,pre-20430 (20026..20326; per-row build in evidence),,,,"July map bit_exact_observed (array_rollup runs, no non-match; not a closure claim)",,,smart-fuzzer/planning/FUNCTION_STATUS_MAP.md#bit_exact_observed
FUNC.CSC,consistent,,2026-09-12,pre-20430 (20026..20326; per-row build in evidence),8,8,0,"July numeric_drift_open via BUG-FUNC-027; stream status open; conflict: July map said divergent, stock take says consistent; stock take wins; small corpus",,,smart-fuzzer/planning/FUNCTION_STATUS_MAP.md#numeric_drift_open;BUG_STREAM_REGISTER:BUG-FUNC-027;docs/function-lane/BIT_EXACT_STOCK_TAKE_20260922.md
FUNC.CSCH,consistent,,2026-09-12,pre-20430 (20026..20326; per-row build in evidence),5,5,0,"July numeric_drift_open via BUG-FUNC-027; stream status open; conflict: July map said divergent, stock take says consistent; stock take wins; small corpus",,,smart-fuzzer/planning/FUNCTION_STATUS_MAP.md#numeric_drift_open;BUG_STREAM_REGISTER:BUG-FUNC-027;docs/function-lane/BIT_EXACT_STOCK_TAKE_20260922.md
FUNC.CUMIPMT,divergent,unmeasured,2026-09-15,pre-20430 (20026..20326; per-row build in evidence),,,,"July map bit_exact_observed (array_rollup runs, no non-match; not a closure claim); conflict: consistent below, open catalog row G6-01 above; catalog wins; catalog G6-01: expm1 |tau|<1 double-rounding wall; live PMT 10,801/13,752",,wall:pmt-expm1,smart-fuzzer/planning/FUNCTION_STATUS_MAP.md#bit_exact_observed;docs/OXFUNC_EXCEL_DISCREPANCY_CATALOG.md#G6-01;docs/function-lane/W109_WALL_CLUES_LEDGER.md
FUNC.CUMPRINC,divergent,unmeasured,2026-09-15,pre-20430 (20026..20326; per-row build in evidence),,,,"July mixed_or_open: genuine non-match rows, no linked stream, untriaged (W111-6); catalog G6-07: shipping 90/540; hidden per-period principal",,wall:pmt-expm1,smart-fuzzer/planning/FUNCTION_STATUS_MAP.md#mixed_or_open;docs/OXFUNC_EXCEL_DISCREPANCY_CATALOG.md#G6-07;docs/function-lane/W109_WALL_CLUES_LEDGER.md
FUNC.DATE,consistent,,2026-07-02,pre-20430 (20026..20326; per-row build in evidence),,,,"July map bit_exact_observed (array_rollup runs, no non-match; not a closure claim)",,,smart-fuzzer/planning/FUNCTION_STATUS_MAP.md#bit_exact_observed
FUNC.DATEDIF,consistent,,2026-07-02,pre-20430 (20026..20326; per-row build in evidence),,,,"July map bit_exact_observed (array_rollup runs, no non-match; not a closure claim)",,,smart-fuzzer/planning/FUNCTION_STATUS_MAP.md#bit_exact_observed
FUNC.DATEVALUE,unverified,,,,,,,"July structural_bug_open via BUG-FUNC-028; streams now closed_signed_off; conflict: July map said consistent, stock take says unverified; stock take wins; Cat-1 locale seam; July runs returned #VALUE! at the seam (TEXT 0/78); judge under a pinned locale (W111-11)",,harness:locale,smart-fuzzer/planning/FUNCTION_STATUS_MAP.md#structural_bug_open;BUG_STREAM_REGISTER:BUG-FUNC-028;docs/function-lane/BIT_EXACT_STOCK_TAKE_20260922.md
FUNC.DAVERAGE,unverified,,,,,,,July structural_bug_open via BUG-FUNC-004; streams now validated_local (fix not re-judged live): re-judge in W111-6,,,smart-fuzzer/planning/FUNCTION_STATUS_MAP.md#structural_bug_open;BUG_STREAM_REGISTER:BUG-FUNC-004
FUNC.DAY,consistent,,2026-07-02,pre-20430 (20026..20326; per-row build in evidence),,,,"July map bit_exact_observed (array_rollup runs, no non-match; not a closure claim)",,,smart-fuzzer/planning/FUNCTION_STATUS_MAP.md#bit_exact_observed
FUNC.DAYS,consistent,,2026-07-02,pre-20430 (20026..20326; per-row build in evidence),,,,"July map bit_exact_observed (array_rollup runs, no non-match; not a closure claim)",,,smart-fuzzer/planning/FUNCTION_STATUS_MAP.md#bit_exact_observed
FUNC.DAYS360,consistent,,2026-09-25,20430,3066,3066,0,"W111 G8-09 fix (Excel 1900 Feb 29 is the month end), two fresh corpora + 60-row 1900 probe: 3066/3066 on build 20430, all rows agree; was divergent/gross; earlier: W111-5 fresh corpus 2026-09-24 on build 20430 (smart-fuzzer/tools/w111/gen_w111_5_batches.py seed 20260924): 1502/1503, misses {'gross': 1}; was unverified; earlier: July map bit_exact_observed (array_rollup runs, no non-match; not a closure claim); conflict: July map said consistent, stock take says unverified; stock take wins; W111-5",,,docs/function-lane/evidence/w111-g8-days360-20260925/misses.json;docs/function-lane/evidence/w111-5-20260924/misses.json;smart-fuzzer/planning/FUNCTION_STATUS_MAP.md#bit_exact_observed;docs/function-lane/BIT_EXACT_STOCK_TAKE_20260922.md
FUNC.DB,consistent,,2026-07-02,pre-20430 (20026..20326; per-row build in evidence),,,,"July map bit_exact_observed (array_rollup runs, no non-match; not a closure claim)",,,smart-fuzzer/planning/FUNCTION_STATUS_MAP.md#bit_exact_observed
FUNC.DBCS,unverified,,,,,,,"July structural_bug_open via BUG-FUNC-028; streams now closed_signed_off; conflict: July map said consistent, stock take says unverified; stock take wins; Cat-1 locale seam; July runs returned #VALUE! at the seam (TEXT 0/78); judge under a pinned locale (W111-11)",,harness:locale,smart-fuzzer/planning/FUNCTION_STATUS_MAP.md#structural_bug_open;BUG_STREAM_REGISTER:BUG-FUNC-028;docs/function-lane/BIT_EXACT_STOCK_TAKE_20260922.md
FUNC.DCOUNT,unverified,,,,,,,July structural_bug_open via BUG-FUNC-004; streams now validated_local (fix not re-judged live): re-judge in W111-6,,,smart-fuzzer/planning/FUNCTION_STATUS_MAP.md#structural_bug_open;BUG_STREAM_REGISTER:BUG-FUNC-004
FUNC.DCOUNTA,unverified,,,,,,,July structural_bug_open via BUG-FUNC-004; streams now validated_local (fix not re-judged live): re-judge in W111-6,,,smart-fuzzer/planning/FUNCTION_STATUS_MAP.md#structural_bug_open;BUG_STREAM_REGISTER:BUG-FUNC-004
FUNC.DDB,consistent,,2026-07-02,pre-20430 (20026..20326; per-row build in evidence),,,,"July map bit_exact_observed (array_rollup runs, no non-match; not a closure claim)",,,smart-fuzzer/planning/FUNCTION_STATUS_MAP.md#bit_exact_observed
FUNC.DEC2BIN,consistent,,2026-07-02,pre-20430 (20026..20326; per-row build in evidence),,,,"July map bit_exact_observed (array_rollup runs, no non-match; not a closure claim)",,,smart-fuzzer/planning/FUNCTION_STATUS_MAP.md#bit_exact_observed
FUNC.DEC2HEX,consistent,,2026-07-02,pre-20430 (20026..20326; per-row build in evidence),,,,"July map bit_exact_observed (array_rollup runs, no non-match; not a closure claim)",,,smart-fuzzer/planning/FUNCTION_STATUS_MAP.md#bit_exact_observed
FUNC.DEC2OCT,consistent,,2026-07-02,pre-20430 (20026..20326; per-row build in evidence),,,,"July map bit_exact_observed (array_rollup runs, no non-match; not a closure claim)",,,smart-fuzzer/planning/FUNCTION_STATUS_MAP.md#bit_exact_observed
FUNC.DECIMAL,consistent,,2026-07-02,pre-20430 (20026..20326; per-row build in evidence),,,,July structural_bug_open via BUG-FUNC-028; streams now closed_signed_off,,,smart-fuzzer/planning/FUNCTION_STATUS_MAP.md#structural_bug_open;BUG_STREAM_REGISTER:BUG-FUNC-028
FUNC.DEGREES,consistent,,2026-07-02,pre-20430 (20026..20326; per-row build in evidence),,,,"July map bit_exact_observed (array_rollup runs, no non-match; not a closure claim)",,,smart-fuzzer/planning/FUNCTION_STATUS_MAP.md#bit_exact_observed
FUNC.DELTA,consistent,,2026-07-02,pre-20430 (20026..20326; per-row build in evidence),,,,July structural_bug_open via BUG-FUNC-028; streams now closed_signed_off,,,smart-fuzzer/planning/FUNCTION_STATUS_MAP.md#structural_bug_open;BUG_STREAM_REGISTER:BUG-FUNC-028
FUNC.DEVSQ,consistent,,2026-07-02,pre-20430 (20026..20326; per-row build in evidence),,,,"July map bit_exact_observed (array_rollup runs, no non-match; not a closure claim)",,,smart-fuzzer/planning/FUNCTION_STATUS_MAP.md#bit_exact_observed
FUNC.DGET,unverified,,,,,,,July structural_bug_open via BUG-FUNC-004; streams now validated_local (fix not re-judged live): re-judge in W111-6,,,smart-fuzzer/planning/FUNCTION_STATUS_MAP.md#structural_bug_open;BUG_STREAM_REGISTER:BUG-FUNC-004
FUNC.DISC,divergent,numeric,2026-09-25,20430,2400,1555,10,"W111 G8-05 YEARFRAC basis-1 fix and first live judging of the shared day-count users, two fresh corpora: 1555/2400 on build 20430, misses {'last_bit': 844, 'numeric': 1}; was consistent; earlier: July map bit_exact_observed (array_rollup runs, no non-match; not a closure claim)",,,docs/function-lane/evidence/w111-g8-yearfrac-20260925/misses.json;smart-fuzzer/planning/FUNCTION_STATUS_MAP.md#bit_exact_observed
FUNC.DMAX,unverified,,,,,,,July structural_bug_open via BUG-FUNC-004; streams now validated_local (fix not re-judged live): re-judge in W111-6,,,smart-fuzzer/planning/FUNCTION_STATUS_MAP.md#structural_bug_open;BUG_STREAM_REGISTER:BUG-FUNC-004
FUNC.DMIN,unverified,,,,,,,July structural_bug_open via BUG-FUNC-004; streams now validated_local (fix not re-judged live): re-judge in W111-6,,,smart-fuzzer/planning/FUNCTION_STATUS_MAP.md#structural_bug_open;BUG_STREAM_REGISTER:BUG-FUNC-004
FUNC.DOLLAR,unverified,,,,,,,"July structural_bug_open via BUG-FUNC-028; streams now closed_signed_off; conflict: July map said consistent, stock take says unverified; stock take wins; Cat-1 locale seam; July runs returned #VALUE! at the seam (TEXT 0/78); judge under a pinned locale (W111-11)",,harness:locale,smart-fuzzer/planning/FUNCTION_STATUS_MAP.md#structural_bug_open;BUG_STREAM_REGISTER:BUG-FUNC-028;docs/function-lane/BIT_EXACT_STOCK_TAKE_20260922.md
FUNC.DOLLARDE,consistent,,2026-09-25,20430,2412,2412,0,"W111 G8-01/02/03 fixes, two fresh corpora (seeds 20260924, 20260925): 2412/2412 on build 20430, all rows agree; was divergent/gross; earlier: W111-5 fresh corpus 2026-09-24 on build 20430 (smart-fuzzer/tools/w111/gen_w111_5_batches.py seed 20260924): 848/1206, misses {'gross': 358}; was unverified; earlier: July structural_bug_open via BUG-FUNC-028; streams now closed_signed_off; conflict: July map said consistent, stock take says unverified; stock take wins; W111-5",,,docs/function-lane/evidence/w111-g8-dollar-tbill-20260925/misses.json;docs/function-lane/evidence/w111-5-20260924/misses.json;smart-fuzzer/planning/FUNCTION_STATUS_MAP.md#structural_bug_open;BUG_STREAM_REGISTER:BUG-FUNC-028;docs/function-lane/BIT_EXACT_STOCK_TAKE_20260922.md
FUNC.DOLLARFR,consistent,,2026-09-25,20430,2412,2412,0,"W111 G8-01/02/03 fixes, two fresh corpora (seeds 20260924, 20260925): 2412/2412 on build 20430, all rows agree; was unverified; earlier: July structural_bug_open via BUG-FUNC-018; streams now validated_local (fix not re-judged live): re-judge in W111-6",,,docs/function-lane/evidence/w111-g8-dollar-tbill-20260925/misses.json;smart-fuzzer/planning/FUNCTION_STATUS_MAP.md#structural_bug_open;BUG_STREAM_REGISTER:BUG-FUNC-018
FUNC.DPRODUCT,unverified,,,,,,,July structural_bug_open via BUG-FUNC-004; streams now validated_local (fix not re-judged live): re-judge in W111-6,,,smart-fuzzer/planning/FUNCTION_STATUS_MAP.md#structural_bug_open;BUG_STREAM_REGISTER:BUG-FUNC-004
FUNC.DROP,consistent,,2026-07-02,pre-20430 (20026..20326; per-row build in evidence),,,,"July map bit_exact_observed (array_rollup runs, no non-match; not a closure claim)",,,smart-fuzzer/planning/FUNCTION_STATUS_MAP.md#bit_exact_observed
FUNC.DSTDEV,unverified,,,,,,,July structural_bug_open via BUG-FUNC-004; streams now validated_local (fix not re-judged live): re-judge in W111-6,,,smart-fuzzer/planning/FUNCTION_STATUS_MAP.md#structural_bug_open;BUG_STREAM_REGISTER:BUG-FUNC-004
FUNC.DSTDEVP,unverified,,,,,,,July structural_bug_open via BUG-FUNC-004; streams now validated_local (fix not re-judged live): re-judge in W111-6,,,smart-fuzzer/planning/FUNCTION_STATUS_MAP.md#structural_bug_open;BUG_STREAM_REGISTER:BUG-FUNC-004
FUNC.DSUM,unverified,,,,,,,July structural_bug_open via BUG-FUNC-004; streams now validated_local (fix not re-judged live): re-judge in W111-6,,,smart-fuzzer/planning/FUNCTION_STATUS_MAP.md#structural_bug_open;BUG_STREAM_REGISTER:BUG-FUNC-004
FUNC.DURATION,divergent,last_bit,2026-09-15,pre-20430 (20026..20326; per-row build in evidence),,,3,"July map bit_exact_observed (array_rollup runs, no non-match; not a closure claim); conflict: consistent below, open catalog row G6-03c above; catalog wins; catalog G6-03c: 237/264, max 3 ULP; accumulator graph",,,smart-fuzzer/planning/FUNCTION_STATUS_MAP.md#bit_exact_observed;docs/OXFUNC_EXCEL_DISCREPANCY_CATALOG.md#G6-03c
FUNC.DVAR,unverified,,,,,,,July structural_bug_open via BUG-FUNC-004; streams now validated_local (fix not re-judged live): re-judge in W111-6,,,smart-fuzzer/planning/FUNCTION_STATUS_MAP.md#structural_bug_open;BUG_STREAM_REGISTER:BUG-FUNC-004
FUNC.DVARP,unverified,,,,,,,July structural_bug_open via BUG-FUNC-004; streams now validated_local (fix not re-judged live): re-judge in W111-6,,,smart-fuzzer/planning/FUNCTION_STATUS_MAP.md#structural_bug_open;BUG_STREAM_REGISTER:BUG-FUNC-004
FUNC.EDATE,consistent,,2026-07-02,pre-20430 (20026..20326; per-row build in evidence),,,,"July map bit_exact_observed (array_rollup runs, no non-match; not a closure claim)",,,smart-fuzzer/planning/FUNCTION_STATUS_MAP.md#bit_exact_observed
FUNC.EFFECT,consistent,,2026-08-20,pre-20430 (20026..20326; per-row build in evidence),160,160,0,"July map bit_exact_observed (array_rollup runs, no non-match; not a closure claim)",,,smart-fuzzer/planning/FUNCTION_STATUS_MAP.md#bit_exact_observed;docs/function-lane/BIT_EXACT_STOCK_TAKE_20260922.md
FUNC.ENCODEURL,unverified,,,,,,,July deferred; in scope unless CUBE*/WEBSERVICE/STOCKHISTORY,,,smart-fuzzer/planning/FUNCTION_STATUS_MAP.md#deferred
FUNC.EOMONTH,consistent,,2026-07-02,pre-20430 (20026..20326; per-row build in evidence),,,,July structural_bug_open via BUG-FUNC-028; streams now closed_signed_off,,,smart-fuzzer/planning/FUNCTION_STATUS_MAP.md#structural_bug_open;BUG_STREAM_REGISTER:BUG-FUNC-028
FUNC.ERF,divergent,unmeasured,2026-09-15,pre-20430 (20026..20326; per-row build in evidence),,,,"July structural_bug_open via BUG-FUNC-028; streams now closed_signed_off; conflict: consistent below, open catalog row G4-04 above; catalog wins; catalog G4-04: COMBIN/COMBINA closed out of this row; ERF small-z production max 3 ULP, ERFC mid band best 2389/7741",,wall:erf-erfc-body,smart-fuzzer/planning/FUNCTION_STATUS_MAP.md#structural_bug_open;BUG_STREAM_REGISTER:BUG-FUNC-028;docs/OXFUNC_EXCEL_DISCREPANCY_CATALOG.md#G4-04;docs/function-lane/W109_WALL_CLUES_LEDGER.md
FUNC.ERF.PRECISE,divergent,unmeasured,2026-09-15,pre-20430 (20026..20326; per-row build in evidence),,,,"July structural_bug_open via BUG-FUNC-028; streams now closed_signed_off; conflict: consistent below, open catalog row G4-04 above; catalog wins; catalog G4-04: COMBIN/COMBINA closed out of this row; ERF small-z production max 3 ULP, ERFC mid band best 2389/7741",,wall:erf-erfc-body,smart-fuzzer/planning/FUNCTION_STATUS_MAP.md#structural_bug_open;BUG_STREAM_REGISTER:BUG-FUNC-028;docs/OXFUNC_EXCEL_DISCREPANCY_CATALOG.md#G4-04;docs/function-lane/W109_WALL_CLUES_LEDGER.md
FUNC.ERFC,divergent,unmeasured,2026-09-15,pre-20430 (20026..20326; per-row build in evidence),,,,"July structural_bug_open via BUG-FUNC-028; streams now closed_signed_off; conflict: consistent below, open catalog row G4-04 above; catalog wins; catalog G4-04: COMBIN/COMBINA closed out of this row; ERF small-z production max 3 ULP, ERFC mid band best 2389/7741",,wall:erf-erfc-body,smart-fuzzer/planning/FUNCTION_STATUS_MAP.md#structural_bug_open;BUG_STREAM_REGISTER:BUG-FUNC-028;docs/OXFUNC_EXCEL_DISCREPANCY_CATALOG.md#G4-04;docs/function-lane/W109_WALL_CLUES_LEDGER.md
FUNC.ERFC.PRECISE,divergent,unmeasured,2026-09-15,pre-20430 (20026..20326; per-row build in evidence),,,,"July structural_bug_open via BUG-FUNC-028; streams now closed_signed_off; conflict: consistent below, open catalog row G4-04 above; catalog wins; catalog G4-04: COMBIN/COMBINA closed out of this row; ERF small-z production max 3 ULP, ERFC mid band best 2389/7741",,wall:erf-erfc-body,smart-fuzzer/planning/FUNCTION_STATUS_MAP.md#structural_bug_open;BUG_STREAM_REGISTER:BUG-FUNC-028;docs/OXFUNC_EXCEL_DISCREPANCY_CATALOG.md#G4-04;docs/function-lane/W109_WALL_CLUES_LEDGER.md
FUNC.ERROR.TYPE,consistent,,2026-07-02,pre-20430 (20026..20326; per-row build in evidence),,,,"July map bit_exact_observed (array_rollup runs, no non-match; not a closure claim)",,,smart-fuzzer/planning/FUNCTION_STATUS_MAP.md#bit_exact_observed
FUNC.EUROCONVERT,unverified,,,,,,,July deferred; in scope unless CUBE*/WEBSERVICE/STOCKHISTORY,,,smart-fuzzer/planning/FUNCTION_STATUS_MAP.md#deferred
FUNC.EVEN,consistent,,2026-07-02,pre-20430 (20026..20326; per-row build in evidence),,,,"July map bit_exact_observed (array_rollup runs, no non-match; not a closure claim)",,,smart-fuzzer/planning/FUNCTION_STATUS_MAP.md#bit_exact_observed
FUNC.EXACT,consistent,,2026-07-02,pre-20430 (20026..20326; per-row build in evidence),,,,"July map bit_exact_observed (array_rollup runs, no non-match; not a closure claim)",,,smart-fuzzer/planning/FUNCTION_STATUS_MAP.md#bit_exact_observed
FUNC.EXP,consistent,,2026-09-12,pre-20430 (20026..20326; per-row build in evidence),249,249,0,"July map bit_exact_observed (array_rollup runs, no non-match; not a closure claim); x87 CRT chain; 36 near-midpoint witnesses; characterized-candidate",,,smart-fuzzer/planning/FUNCTION_STATUS_MAP.md#bit_exact_observed;docs/function-lane/BIT_EXACT_STOCK_TAKE_20260922.md
FUNC.EXPAND,consistent,,2026-07-02,pre-20430 (20026..20326; per-row build in evidence),,,,"July map bit_exact_observed (array_rollup runs, no non-match; not a closure claim)",,,smart-fuzzer/planning/FUNCTION_STATUS_MAP.md#bit_exact_observed
FUNC.EXPON.DIST,consistent,,2026-07-20,pre-20430 (20026..20326; per-row build in evidence),4000,4000,0,"July map bit_exact_observed (array_rollup runs, no non-match; not a closure claim); held-out",,,smart-fuzzer/planning/FUNCTION_STATUS_MAP.md#bit_exact_observed;docs/function-lane/BIT_EXACT_STOCK_TAKE_20260922.md
FUNC.EXPONDIST,consistent,,2026-07-02,pre-20430 (20026..20326; per-row build in evidence),,,,"July map bit_exact_observed (array_rollup runs, no non-match; not a closure claim)",,,smart-fuzzer/planning/FUNCTION_STATUS_MAP.md#bit_exact_observed
FUNC.F.DIST,divergent,unmeasured,2026-09-12,pre-20430 (20026..20326; per-row build in evidence),,,,July numeric_drift_open via BUG-FUNC-021; stream status open; not a BETA identity,,wall:bgrat,smart-fuzzer/planning/FUNCTION_STATUS_MAP.md#numeric_drift_open;BUG_STREAM_REGISTER:BUG-FUNC-021;docs/function-lane/BIT_EXACT_STOCK_TAKE_20260922.md;docs/function-lane/W109_WALL_CLUES_LEDGER.md
FUNC.F.DIST.RT,divergent,unmeasured,2026-09-12,pre-20430 (20026..20326; per-row build in evidence),,,,July numeric_drift_open via BUG-FUNC-021; stream status open,,wall:bgrat,smart-fuzzer/planning/FUNCTION_STATUS_MAP.md#numeric_drift_open;BUG_STREAM_REGISTER:BUG-FUNC-021;docs/function-lane/BIT_EXACT_STOCK_TAKE_20260922.md;docs/function-lane/W109_WALL_CLUES_LEDGER.md
FUNC.F.INV,divergent,gross,2026-09-12,pre-20430 (20026..20326; per-row build in evidence),105,27,6317,July numeric_drift_open via BUG-FUNC-021; stream status open,,wall:bgrat,smart-fuzzer/planning/FUNCTION_STATUS_MAP.md#numeric_drift_open;BUG_STREAM_REGISTER:BUG-FUNC-021;docs/function-lane/BIT_EXACT_STOCK_TAKE_20260922.md;docs/function-lane/W109_WALL_CLUES_LEDGER.md
FUNC.F.INV.RT,divergent,unmeasured,2026-09-12,pre-20430 (20026..20326; per-row build in evidence),,,,July numeric_drift_open via BUG-FUNC-021; stream status open,,wall:bgrat,smart-fuzzer/planning/FUNCTION_STATUS_MAP.md#numeric_drift_open;BUG_STREAM_REGISTER:BUG-FUNC-021;docs/function-lane/BIT_EXACT_STOCK_TAKE_20260922.md;docs/function-lane/W109_WALL_CLUES_LEDGER.md
FUNC.F.TEST,divergent,unmeasured,2026-09-15,pre-20430 (20026..20326; per-row build in evidence),,,,"July mixed_or_open: genuine non-match rows, no linked stream, untriaged (W111-6); catalog G3-06: 33/48; variance schedule + F tail",,wall:bgrat,smart-fuzzer/planning/FUNCTION_STATUS_MAP.md#mixed_or_open;docs/OXFUNC_EXCEL_DISCREPANCY_CATALOG.md#G3-06;docs/function-lane/W109_WALL_CLUES_LEDGER.md
FUNC.FACT,consistent,,2026-07-12,pre-20430 (20026..20326; per-row build in evidence),,,,"July map bit_exact_observed (array_rollup runs, no non-match; not a closure claim); reverse native product landed (<=170)",,,smart-fuzzer/planning/FUNCTION_STATUS_MAP.md#bit_exact_observed;docs/function-lane/BIT_EXACT_STOCK_TAKE_20260922.md
FUNC.FACTDOUBLE,consistent,,2026-07-12,pre-20430 (20026..20326; per-row build in evidence),,,,July structural_bug_open via BUG-FUNC-028; streams now closed_signed_off; reverse native product landed,,,smart-fuzzer/planning/FUNCTION_STATUS_MAP.md#structural_bug_open;BUG_STREAM_REGISTER:BUG-FUNC-028;docs/function-lane/BIT_EXACT_STOCK_TAKE_20260922.md
FUNC.FALSE,consistent,,2026-07-02,pre-20430 (20026..20326; per-row build in evidence),,,,"July map bit_exact_observed (array_rollup runs, no non-match; not a closure claim)",,,smart-fuzzer/planning/FUNCTION_STATUS_MAP.md#bit_exact_observed
FUNC.FDIST,divergent,unmeasured,2026-09-15,pre-20430 (20026..20326; per-row build in evidence),,,,July numeric_drift_open via BUG-FUNC-021; stream status open; catalog G3-01: legacy distribution family; bodies on ERFC / bgrat / private PMF walls,,wall:bgrat,smart-fuzzer/planning/FUNCTION_STATUS_MAP.md#numeric_drift_open;BUG_STREAM_REGISTER:BUG-FUNC-021;docs/OXFUNC_EXCEL_DISCREPANCY_CATALOG.md#G3-01;docs/function-lane/W109_WALL_CLUES_LEDGER.md
FUNC.FILTER,consistent,,2026-07-02,pre-20430 (20026..20326; per-row build in evidence),,,,"July map bit_exact_observed (array_rollup runs, no non-match; not a closure claim)",,,smart-fuzzer/planning/FUNCTION_STATUS_MAP.md#bit_exact_observed
FUNC.FILTERXML,unverified,,,,,,,July deferred; in scope unless CUBE*/WEBSERVICE/STOCKHISTORY,,,smart-fuzzer/planning/FUNCTION_STATUS_MAP.md#deferred
FUNC.FIND,consistent,,2026-07-02,pre-20430 (20026..20326; per-row build in evidence),,,,"July map bit_exact_observed (array_rollup runs, no non-match; not a closure claim)",,,smart-fuzzer/planning/FUNCTION_STATUS_MAP.md#bit_exact_observed
FUNC.FINDB,consistent,,2026-07-02,pre-20430 (20026..20326; per-row build in evidence),,,,"July map bit_exact_observed (array_rollup runs, no non-match; not a closure claim)",,,smart-fuzzer/planning/FUNCTION_STATUS_MAP.md#bit_exact_observed
FUNC.FINV,divergent,unmeasured,2026-09-15,pre-20430 (20026..20326; per-row build in evidence),,,,July numeric_drift_open via BUG-FUNC-021; stream status open; catalog G3-01: legacy distribution family; bodies on ERFC / bgrat / private PMF walls,,wall:bgrat,smart-fuzzer/planning/FUNCTION_STATUS_MAP.md#numeric_drift_open;BUG_STREAM_REGISTER:BUG-FUNC-021;docs/OXFUNC_EXCEL_DISCREPANCY_CATALOG.md#G3-01;docs/function-lane/W109_WALL_CLUES_LEDGER.md
FUNC.FISHER,consistent,,2026-07-02,pre-20430 (20026..20326; per-row build in evidence),,,,"July map bit_exact_observed (array_rollup runs, no non-match; not a closure claim)",,,smart-fuzzer/planning/FUNCTION_STATUS_MAP.md#bit_exact_observed
FUNC.FISHERINV,divergent,unmeasured,2026-09-12,pre-20430 (20026..20326; per-row build in evidence),27,10,,July numeric_drift_open via BUG-FUNC-027; stream status open,,,smart-fuzzer/planning/FUNCTION_STATUS_MAP.md#numeric_drift_open;BUG_STREAM_REGISTER:BUG-FUNC-027;docs/function-lane/BIT_EXACT_STOCK_TAKE_20260922.md
FUNC.FIXED,unverified,,,,,,,"July structural_bug_open via BUG-FUNC-028; streams now closed_signed_off; conflict: July map said consistent, stock take says unverified; stock take wins; Cat-1 locale seam; July runs returned #VALUE! at the seam (TEXT 0/78); judge under a pinned locale (W111-11)",,harness:locale,smart-fuzzer/planning/FUNCTION_STATUS_MAP.md#structural_bug_open;BUG_STREAM_REGISTER:BUG-FUNC-028;docs/function-lane/BIT_EXACT_STOCK_TAKE_20260922.md
FUNC.FLOOR,consistent,,2026-07-02,pre-20430 (20026..20326; per-row build in evidence),,,,"July map bit_exact_observed (array_rollup runs, no non-match; not a closure claim)",,,smart-fuzzer/planning/FUNCTION_STATUS_MAP.md#bit_exact_observed
FUNC.FLOOR.MATH,consistent,,2026-07-02,pre-20430 (20026..20326; per-row build in evidence),,,,"July map bit_exact_observed (array_rollup runs, no non-match; not a closure claim)",,,smart-fuzzer/planning/FUNCTION_STATUS_MAP.md#bit_exact_observed
FUNC.FLOOR.PRECISE,consistent,,2026-07-02,pre-20430 (20026..20326; per-row build in evidence),,,,"July map bit_exact_observed (array_rollup runs, no non-match; not a closure claim)",,,smart-fuzzer/planning/FUNCTION_STATUS_MAP.md#bit_exact_observed
FUNC.FORECAST,consistent,,2026-07-12,pre-20430 (20026..20326; per-row build in evidence),65,65,0,"July mixed_or_open: genuine non-match rows, no linked stream, untriaged (W111-6); conflict: July map said divergent, stock take says consistent; stock take wins; centered kernel",,,smart-fuzzer/planning/FUNCTION_STATUS_MAP.md#mixed_or_open;docs/function-lane/BIT_EXACT_STOCK_TAKE_20260922.md
FUNC.FORECAST.LINEAR,consistent,,2026-07-12,pre-20430 (20026..20326; per-row build in evidence),4,4,0,"July mixed_or_open: genuine non-match rows, no linked stream, untriaged (W111-6); conflict: July map said divergent, stock take says consistent; stock take wins; small corpus",,,smart-fuzzer/planning/FUNCTION_STATUS_MAP.md#mixed_or_open;docs/function-lane/BIT_EXACT_STOCK_TAKE_20260922.md
FUNC.FORMULATEXT,unverified,,,,,,,July harness_pending: cell formula metadata: OxCalc integration lane,,harness:workbook,smart-fuzzer/planning/FUNCTION_STATUS_MAP.md#harness_pending
FUNC.FREQUENCY,consistent,,2026-07-02,pre-20430 (20026..20326; per-row build in evidence),,,,"July map bit_exact_observed (array_rollup runs, no non-match; not a closure claim)",,,smart-fuzzer/planning/FUNCTION_STATUS_MAP.md#bit_exact_observed
FUNC.FTEST,divergent,unmeasured,2026-09-15,pre-20430 (20026..20326; per-row build in evidence),,,,"July mixed_or_open: genuine non-match rows, no linked stream, untriaged (W111-6); catalog G3-06: 33/48; variance schedule + F tail",,wall:bgrat,smart-fuzzer/planning/FUNCTION_STATUS_MAP.md#mixed_or_open;docs/OXFUNC_EXCEL_DISCREPANCY_CATALOG.md#G3-06;docs/function-lane/W109_WALL_CLUES_LEDGER.md
FUNC.FV,consistent,,2026-07-12,pre-20430 (20026..20326; per-row build in evidence),149,149,0,"July map bit_exact_observed (array_rollup runs, no non-match; not a closure claim); incl. adversarial",,,smart-fuzzer/planning/FUNCTION_STATUS_MAP.md#bit_exact_observed;docs/function-lane/BIT_EXACT_STOCK_TAKE_20260922.md
FUNC.FVSCHEDULE,consistent,,2026-07-02,pre-20430 (20026..20326; per-row build in evidence),,,,"July map bit_exact_observed (array_rollup runs, no non-match; not a closure claim)",,,smart-fuzzer/planning/FUNCTION_STATUS_MAP.md#bit_exact_observed
FUNC.GAMMA,divergent,gross,2026-09-15,pre-20430 (20026..20326; per-row build in evidence),,,1182,"July numeric_drift_open via BUG-FUNC-027; stream status open; catalog G3-02: exact slices landed (integers 1..88, half-integers, rational residues); B1 [0.7,1.5) max 1182 ULP, n>=89 max 8 ULP",,wall:gammaln-b1b2,smart-fuzzer/planning/FUNCTION_STATUS_MAP.md#numeric_drift_open;BUG_STREAM_REGISTER:BUG-FUNC-027;docs/OXFUNC_EXCEL_DISCREPANCY_CATALOG.md#G3-02;docs/function-lane/W109_WALL_CLUES_LEDGER.md
FUNC.GAMMA.DIST,divergent,numeric,2026-09-12,pre-20430 (20026..20326; per-row build in evidence),446,337,8,July numeric_drift_open via BUG-FUNC-021; stream status open; CDF 337/446; PDF 4-8 ULP,,wall:bgrat;wall:private-pmf,smart-fuzzer/planning/FUNCTION_STATUS_MAP.md#numeric_drift_open;BUG_STREAM_REGISTER:BUG-FUNC-021;docs/function-lane/BIT_EXACT_STOCK_TAKE_20260922.md;docs/function-lane/W109_WALL_CLUES_LEDGER.md
FUNC.GAMMA.INV,divergent,unmeasured,2026-09-12,pre-20430 (20026..20326; per-row build in evidence),60,18,,July numeric_drift_open via BUG-FUNC-021; stream status open; incl. near-1 tail/cap (was oxf-acdw.3.1),,wall:bgrat,smart-fuzzer/planning/FUNCTION_STATUS_MAP.md#numeric_drift_open;BUG_STREAM_REGISTER:BUG-FUNC-021;docs/function-lane/BIT_EXACT_STOCK_TAKE_20260922.md;docs/function-lane/W109_WALL_CLUES_LEDGER.md
FUNC.GAMMADIST,divergent,numeric,2026-09-12,pre-20430 (20026..20326; per-row build in evidence),,,8,July numeric_drift_open via BUG-FUNC-021; stream status open; as GAMMA.DIST,,wall:bgrat;wall:private-pmf,smart-fuzzer/planning/FUNCTION_STATUS_MAP.md#numeric_drift_open;BUG_STREAM_REGISTER:BUG-FUNC-021;docs/function-lane/BIT_EXACT_STOCK_TAKE_20260922.md;docs/function-lane/W109_WALL_CLUES_LEDGER.md
FUNC.GAMMAINV,divergent,unmeasured,2026-09-15,pre-20430 (20026..20326; per-row build in evidence),,,,July numeric_drift_open via BUG-FUNC-021; stream status open; catalog G3-01: legacy distribution family; bodies on ERFC / bgrat / private PMF walls,,wall:bgrat,smart-fuzzer/planning/FUNCTION_STATUS_MAP.md#numeric_drift_open;BUG_STREAM_REGISTER:BUG-FUNC-021;docs/OXFUNC_EXCEL_DISCREPANCY_CATALOG.md#G3-01;docs/function-lane/W109_WALL_CLUES_LEDGER.md
FUNC.GAMMALN,divergent,gross,2026-09-15,pre-20430 (20026..20326; per-row build in evidence),,,1182,"July numeric_drift_open via BUG-FUNC-027; stream status open; catalog G3-02: exact slices landed (integers 1..88, half-integers, rational residues); B1 [0.7,1.5) max 1182 ULP, n>=89 max 8 ULP",,wall:gammaln-b1b2,smart-fuzzer/planning/FUNCTION_STATUS_MAP.md#numeric_drift_open;BUG_STREAM_REGISTER:BUG-FUNC-027;docs/OXFUNC_EXCEL_DISCREPANCY_CATALOG.md#G3-02;docs/function-lane/W109_WALL_CLUES_LEDGER.md
FUNC.GAMMALN.PRECISE,divergent,gross,2026-09-15,pre-20430 (20026..20326; per-row build in evidence),,,1182,"July structural_bug_open via BUG-FUNC-028; streams now closed_signed_off; conflict: consistent below, open catalog row G3-02 above; catalog wins; catalog G3-02: exact slices landed (integers 1..88, half-integers, rational residues); B1 [0.7,1.5) max 1182 ULP, n>=89 max 8 ULP",,wall:gammaln-b1b2,smart-fuzzer/planning/FUNCTION_STATUS_MAP.md#structural_bug_open;BUG_STREAM_REGISTER:BUG-FUNC-028;docs/OXFUNC_EXCEL_DISCREPANCY_CATALOG.md#G3-02;docs/function-lane/W109_WALL_CLUES_LEDGER.md
FUNC.GAUSS,divergent,last_bit,2026-09-15,pre-20430 (20026..20326; per-row build in evidence),,,1,"July mixed_or_open: genuine non-match rows, no linked stream, untriaged (W111-6); catalog G3-07: sign-split wrapper landed (G-F3); body inherits the ERFC wall; NORMSDIST(-1) 1 ULP",,wall:erf-erfc-body,smart-fuzzer/planning/FUNCTION_STATUS_MAP.md#mixed_or_open;docs/OXFUNC_EXCEL_DISCREPANCY_CATALOG.md#G3-07;docs/function-lane/W109_WALL_CLUES_LEDGER.md
FUNC.GCD,consistent,,2026-07-02,pre-20430 (20026..20326; per-row build in evidence),,,,July structural_bug_open via BUG-FUNC-028; streams now closed_signed_off,,,smart-fuzzer/planning/FUNCTION_STATUS_MAP.md#structural_bug_open;BUG_STREAM_REGISTER:BUG-FUNC-028
FUNC.GEOMEAN,consistent,,2026-07-02,pre-20430 (20026..20326; per-row build in evidence),,,,"July map bit_exact_observed (array_rollup runs, no non-match; not a closure claim)",,,smart-fuzzer/planning/FUNCTION_STATUS_MAP.md#bit_exact_observed
FUNC.GESTEP,consistent,,2026-07-02,pre-20430 (20026..20326; per-row build in evidence),,,,July structural_bug_open via BUG-FUNC-028; streams now closed_signed_off,,,smart-fuzzer/planning/FUNCTION_STATUS_MAP.md#structural_bug_open;BUG_STREAM_REGISTER:BUG-FUNC-028
FUNC.GROUPBY,unverified,,,,,,,July excluded: callable / pivot aggregation form,,harness:lambda,smart-fuzzer/planning/FUNCTION_STATUS_MAP.md#excluded
FUNC.GROWTH,divergent,unmeasured,2026-09-15,pre-20430 (20026..20326; per-row build in evidence),,,,"July mixed_or_open: genuine non-match rows, no linked stream, untriaged (W111-6); catalog G3-04: 666/1240; kernel unknown",,,smart-fuzzer/planning/FUNCTION_STATUS_MAP.md#mixed_or_open;docs/OXFUNC_EXCEL_DISCREPANCY_CATALOG.md#G3-04
FUNC.HARMEAN,consistent,,2026-07-02,pre-20430 (20026..20326; per-row build in evidence),,,,"July map bit_exact_observed (array_rollup runs, no non-match; not a closure claim)",,,smart-fuzzer/planning/FUNCTION_STATUS_MAP.md#bit_exact_observed
FUNC.HEX2BIN,consistent,,2026-07-02,pre-20430 (20026..20326; per-row build in evidence),,,,"July map bit_exact_observed (array_rollup runs, no non-match; not a closure claim)",,,smart-fuzzer/planning/FUNCTION_STATUS_MAP.md#bit_exact_observed
FUNC.HEX2DEC,consistent,,2026-07-02,pre-20430 (20026..20326; per-row build in evidence),,,,"July map bit_exact_observed (array_rollup runs, no non-match; not a closure claim)",,,smart-fuzzer/planning/FUNCTION_STATUS_MAP.md#bit_exact_observed
FUNC.HEX2OCT,consistent,,2026-07-02,pre-20430 (20026..20326; per-row build in evidence),,,,"July map bit_exact_observed (array_rollup runs, no non-match; not a closure claim)",,,smart-fuzzer/planning/FUNCTION_STATUS_MAP.md#bit_exact_observed
FUNC.HLOOKUP,consistent,,2026-07-02,pre-20430 (20026..20326; per-row build in evidence),,,,"July map bit_exact_observed (array_rollup runs, no non-match; not a closure claim)",,,smart-fuzzer/planning/FUNCTION_STATUS_MAP.md#bit_exact_observed
FUNC.HOUR,consistent,,2026-07-02,pre-20430 (20026..20326; per-row build in evidence),,,,"July map bit_exact_observed (array_rollup runs, no non-match; not a closure claim)",,,smart-fuzzer/planning/FUNCTION_STATUS_MAP.md#bit_exact_observed
FUNC.HSTACK,consistent,,2026-07-02,pre-20430 (20026..20326; per-row build in evidence),,,,"July map bit_exact_observed (array_rollup runs, no non-match; not a closure claim)",,,smart-fuzzer/planning/FUNCTION_STATUS_MAP.md#bit_exact_observed
FUNC.HYPERLINK,divergent,unmeasured,2026-05-28,pre-20430 (20026..20326; per-row build in evidence),,,,"July mixed_or_open: genuine non-match rows, no linked stream, untriaged (W111-6)",,,smart-fuzzer/planning/FUNCTION_STATUS_MAP.md#mixed_or_open
FUNC.HYPGEOM.DIST,divergent,unmeasured,2026-09-12,pre-20430 (20026..20326; per-row build in evidence),20,0,,July numeric_drift_open via BUG-FUNC-021; stream status open; 0/20 vs every COMBIN association,,wall:private-pmf,smart-fuzzer/planning/FUNCTION_STATUS_MAP.md#numeric_drift_open;BUG_STREAM_REGISTER:BUG-FUNC-021;docs/function-lane/BIT_EXACT_STOCK_TAKE_20260922.md;docs/function-lane/W109_WALL_CLUES_LEDGER.md
FUNC.HYPGEOMDIST,divergent,unmeasured,2026-09-15,pre-20430 (20026..20326; per-row build in evidence),,,,July numeric_drift_open via BUG-FUNC-021; stream status open; catalog G3-01: legacy distribution family; bodies on ERFC / bgrat / private PMF walls,,wall:private-pmf,smart-fuzzer/planning/FUNCTION_STATUS_MAP.md#numeric_drift_open;BUG_STREAM_REGISTER:BUG-FUNC-021;docs/OXFUNC_EXCEL_DISCREPANCY_CATALOG.md#G3-01;docs/function-lane/W109_WALL_CLUES_LEDGER.md
FUNC.IF,consistent,,2026-07-02,pre-20430 (20026..20326; per-row build in evidence),,,,"July map bit_exact_observed (array_rollup runs, no non-match; not a closure claim)",,,smart-fuzzer/planning/FUNCTION_STATUS_MAP.md#bit_exact_observed
FUNC.IFERROR,consistent,,2026-07-02,pre-20430 (20026..20326; per-row build in evidence),,,,"July map bit_exact_observed (array_rollup runs, no non-match; not a closure claim)",,,smart-fuzzer/planning/FUNCTION_STATUS_MAP.md#bit_exact_observed
FUNC.IFNA,consistent,,2026-07-02,pre-20430 (20026..20326; per-row build in evidence),,,,"July map bit_exact_observed (array_rollup runs, no non-match; not a closure claim)",,,smart-fuzzer/planning/FUNCTION_STATUS_MAP.md#bit_exact_observed
FUNC.IFS,unverified,,,,,,,July structural_bug_open via BUG-FUNC-018; streams now validated_local (fix not re-judged live): re-judge in W111-6,,,smart-fuzzer/planning/FUNCTION_STATUS_MAP.md#structural_bug_open;BUG_STREAM_REGISTER:BUG-FUNC-018
FUNC.IMABS,consistent,,2026-07-02,pre-20430 (20026..20326; per-row build in evidence),,,,"July map bit_exact_observed (array_rollup runs, no non-match; not a closure claim)",,,smart-fuzzer/planning/FUNCTION_STATUS_MAP.md#bit_exact_observed
FUNC.IMAGE,unverified,,,,,,,July excluded: host: image / web resource,,,smart-fuzzer/planning/FUNCTION_STATUS_MAP.md#excluded
FUNC.IMAGINARY,consistent,,2026-07-02,pre-20430 (20026..20326; per-row build in evidence),,,,"July map bit_exact_observed (array_rollup runs, no non-match; not a closure claim)",,,smart-fuzzer/planning/FUNCTION_STATUS_MAP.md#bit_exact_observed
FUNC.IMARGUMENT,consistent,,2026-07-02,pre-20430 (20026..20326; per-row build in evidence),,,,"July map bit_exact_observed (array_rollup runs, no non-match; not a closure claim)",,,smart-fuzzer/planning/FUNCTION_STATUS_MAP.md#bit_exact_observed
FUNC.IMCONJUGATE,consistent,,2026-07-02,pre-20430 (20026..20326; per-row build in evidence),,,,"July map bit_exact_observed (array_rollup runs, no non-match; not a closure claim)",,,smart-fuzzer/planning/FUNCTION_STATUS_MAP.md#bit_exact_observed
FUNC.IMCOS,consistent,,2026-07-02,pre-20430 (20026..20326; per-row build in evidence),,,,"July map bit_exact_observed (array_rollup runs, no non-match; not a closure claim)",,,smart-fuzzer/planning/FUNCTION_STATUS_MAP.md#bit_exact_observed
FUNC.IMCOSH,consistent,,2026-07-02,pre-20430 (20026..20326; per-row build in evidence),,,,"July map bit_exact_observed (array_rollup runs, no non-match; not a closure claim)",,,smart-fuzzer/planning/FUNCTION_STATUS_MAP.md#bit_exact_observed
FUNC.IMCOT,consistent,,2026-07-02,pre-20430 (20026..20326; per-row build in evidence),,,,"July map bit_exact_observed (array_rollup runs, no non-match; not a closure claim)",,,smart-fuzzer/planning/FUNCTION_STATUS_MAP.md#bit_exact_observed
FUNC.IMCSC,consistent,,2026-07-02,pre-20430 (20026..20326; per-row build in evidence),,,,"July map bit_exact_observed (array_rollup runs, no non-match; not a closure claim)",,,smart-fuzzer/planning/FUNCTION_STATUS_MAP.md#bit_exact_observed
FUNC.IMCSCH,consistent,,2026-07-02,pre-20430 (20026..20326; per-row build in evidence),,,,"July map bit_exact_observed (array_rollup runs, no non-match; not a closure claim)",,,smart-fuzzer/planning/FUNCTION_STATUS_MAP.md#bit_exact_observed
FUNC.IMDIV,consistent,,2026-07-02,pre-20430 (20026..20326; per-row build in evidence),,,,"July map bit_exact_observed (array_rollup runs, no non-match; not a closure claim)",,,smart-fuzzer/planning/FUNCTION_STATUS_MAP.md#bit_exact_observed
FUNC.IMEXP,divergent,unmeasured,2026-09-12,pre-20430 (20026..20326; per-row build in evidence),,,,"July map bit_exact_observed (array_rollup runs, no non-match; not a closure claim); conflict: July map said consistent, stock take says divergent; stock take wins; non-identities recorded; 90-97% in runs",,,smart-fuzzer/planning/FUNCTION_STATUS_MAP.md#bit_exact_observed;docs/function-lane/BIT_EXACT_STOCK_TAKE_20260922.md
FUNC.IMLN,consistent,,2026-07-02,pre-20430 (20026..20326; per-row build in evidence),,,,"July map bit_exact_observed (array_rollup runs, no non-match; not a closure claim)",,,smart-fuzzer/planning/FUNCTION_STATUS_MAP.md#bit_exact_observed
FUNC.IMLOG10,consistent,,2026-07-02,pre-20430 (20026..20326; per-row build in evidence),,,,"July map bit_exact_observed (array_rollup runs, no non-match; not a closure claim)",,,smart-fuzzer/planning/FUNCTION_STATUS_MAP.md#bit_exact_observed
FUNC.IMLOG2,consistent,,2026-07-02,pre-20430 (20026..20326; per-row build in evidence),,,,"July map bit_exact_observed (array_rollup runs, no non-match; not a closure claim)",,,smart-fuzzer/planning/FUNCTION_STATUS_MAP.md#bit_exact_observed
FUNC.IMPOWER,divergent,unmeasured,2026-09-12,pre-20430 (20026..20326; per-row build in evidence),,,,"July map bit_exact_observed (array_rollup runs, no non-match; not a closure claim); conflict: July map said consistent, stock take says divergent; stock take wins; non-identities recorded",,,smart-fuzzer/planning/FUNCTION_STATUS_MAP.md#bit_exact_observed;docs/function-lane/BIT_EXACT_STOCK_TAKE_20260922.md
FUNC.IMPRODUCT,consistent,,2026-07-02,pre-20430 (20026..20326; per-row build in evidence),,,,"July map bit_exact_observed (array_rollup runs, no non-match; not a closure claim)",,,smart-fuzzer/planning/FUNCTION_STATUS_MAP.md#bit_exact_observed
FUNC.IMREAL,consistent,,2026-07-02,pre-20430 (20026..20326; per-row build in evidence),,,,"July map bit_exact_observed (array_rollup runs, no non-match; not a closure claim)",,,smart-fuzzer/planning/FUNCTION_STATUS_MAP.md#bit_exact_observed
FUNC.IMSEC,divergent,unmeasured,2026-09-12,pre-20430 (20026..20326; per-row build in evidence),,,,"July map bit_exact_observed (array_rollup runs, no non-match; not a closure claim); conflict: July map said consistent, stock take says divergent; stock take wins; non-identities recorded",,,smart-fuzzer/planning/FUNCTION_STATUS_MAP.md#bit_exact_observed;docs/function-lane/BIT_EXACT_STOCK_TAKE_20260922.md
FUNC.IMSECH,consistent,,2026-07-02,pre-20430 (20026..20326; per-row build in evidence),,,,"July map bit_exact_observed (array_rollup runs, no non-match; not a closure claim)",,,smart-fuzzer/planning/FUNCTION_STATUS_MAP.md#bit_exact_observed
FUNC.IMSIN,consistent,,2026-07-02,pre-20430 (20026..20326; per-row build in evidence),,,,"July map bit_exact_observed (array_rollup runs, no non-match; not a closure claim)",,,smart-fuzzer/planning/FUNCTION_STATUS_MAP.md#bit_exact_observed
FUNC.IMSINH,consistent,,2026-07-02,pre-20430 (20026..20326; per-row build in evidence),,,,"July map bit_exact_observed (array_rollup runs, no non-match; not a closure claim)",,,smart-fuzzer/planning/FUNCTION_STATUS_MAP.md#bit_exact_observed
FUNC.IMSQRT,consistent,,2026-07-02,pre-20430 (20026..20326; per-row build in evidence),,,,"July map bit_exact_observed (array_rollup runs, no non-match; not a closure claim)",,,smart-fuzzer/planning/FUNCTION_STATUS_MAP.md#bit_exact_observed
FUNC.IMSUB,consistent,,2026-07-02,pre-20430 (20026..20326; per-row build in evidence),,,,"July map bit_exact_observed (array_rollup runs, no non-match; not a closure claim)",,,smart-fuzzer/planning/FUNCTION_STATUS_MAP.md#bit_exact_observed
FUNC.IMSUM,consistent,,2026-07-02,pre-20430 (20026..20326; per-row build in evidence),,,,"July map bit_exact_observed (array_rollup runs, no non-match; not a closure claim)",,,smart-fuzzer/planning/FUNCTION_STATUS_MAP.md#bit_exact_observed
FUNC.IMTAN,consistent,,2026-07-02,pre-20430 (20026..20326; per-row build in evidence),,,,"July map bit_exact_observed (array_rollup runs, no non-match; not a closure claim)",,,smart-fuzzer/planning/FUNCTION_STATUS_MAP.md#bit_exact_observed
FUNC.INDEX,unverified,,,,,,,July structural_bug_open via BUG-FUNC-003; streams now handed_off (fix not re-judged live): re-judge in W111-6,,,smart-fuzzer/planning/FUNCTION_STATUS_MAP.md#structural_bug_open;BUG_STREAM_REGISTER:BUG-FUNC-003
FUNC.INDIRECT,unverified,,,,,,,July excluded: reference-from-text; needs reference/host resolution,,harness:workbook,smart-fuzzer/planning/FUNCTION_STATUS_MAP.md#excluded
FUNC.INFO,unverified,,,,,,,July excluded: host / system environment state,,harness:workbook,smart-fuzzer/planning/FUNCTION_STATUS_MAP.md#excluded
FUNC.INT,consistent,,2026-07-02,pre-20430 (20026..20326; per-row build in evidence),,,,"July map bit_exact_observed (array_rollup runs, no non-match; not a closure claim)",,,smart-fuzzer/planning/FUNCTION_STATUS_MAP.md#bit_exact_observed
FUNC.INTERCEPT,consistent,,2026-07-12,pre-20430 (20026..20326; per-row build in evidence),4,4,0,"July map bit_exact_observed (array_rollup runs, no non-match; not a closure claim); small corpus",,,smart-fuzzer/planning/FUNCTION_STATUS_MAP.md#bit_exact_observed;docs/function-lane/BIT_EXACT_STOCK_TAKE_20260922.md
FUNC.INTRATE,divergent,last_bit,2026-09-25,20430,2400,1562,2,"W111 G8-05 YEARFRAC basis-1 fix and first live judging of the shared day-count users, two fresh corpora: 1562/2400 on build 20430, misses {'last_bit': 838}; was consistent; earlier: July map bit_exact_observed (array_rollup runs, no non-match; not a closure claim)",,,docs/function-lane/evidence/w111-g8-yearfrac-20260925/misses.json;smart-fuzzer/planning/FUNCTION_STATUS_MAP.md#bit_exact_observed
FUNC.IPMT,divergent,unmeasured,2026-09-15,pre-20430 (20026..20326; per-row build in evidence),,,,"July numeric_drift_open via BUG-FUNC-015; stream status investigating; catalog G6-01: expm1 |tau|<1 double-rounding wall; live PMT 10,801/13,752",,wall:pmt-expm1,smart-fuzzer/planning/FUNCTION_STATUS_MAP.md#numeric_drift_open;BUG_STREAM_REGISTER:BUG-FUNC-015;docs/OXFUNC_EXCEL_DISCREPANCY_CATALOG.md#G6-01;docs/function-lane/W109_WALL_CLUES_LEDGER.md
FUNC.IRR,divergent,gross,2026-09-15,pre-20430 (20026..20326; per-row build in evidence),,,114720,"July mixed_or_open: genuine non-match rows, no linked stream, untriaged (W111-6); catalog G6-06: 44/72 leader; witness ~114,720 ULP",,wall:irr-rate-solver,smart-fuzzer/planning/FUNCTION_STATUS_MAP.md#mixed_or_open;docs/OXFUNC_EXCEL_DISCREPANCY_CATALOG.md#G6-06;docs/function-lane/W109_WALL_CLUES_LEDGER.md
FUNC.ISBLANK,consistent,,2026-07-02,pre-20430 (20026..20326; per-row build in evidence),,,,"July map bit_exact_observed (array_rollup runs, no non-match; not a closure claim)",,,smart-fuzzer/planning/FUNCTION_STATUS_MAP.md#bit_exact_observed
FUNC.ISERR,consistent,,2026-07-02,pre-20430 (20026..20326; per-row build in evidence),,,,July structural_bug_open via BUG-FUNC-028; streams now closed_signed_off,,,smart-fuzzer/planning/FUNCTION_STATUS_MAP.md#structural_bug_open;BUG_STREAM_REGISTER:BUG-FUNC-028
FUNC.ISERROR,consistent,,2026-07-02,pre-20430 (20026..20326; per-row build in evidence),,,,"July map bit_exact_observed (array_rollup runs, no non-match; not a closure claim)",,,smart-fuzzer/planning/FUNCTION_STATUS_MAP.md#bit_exact_observed
FUNC.ISEVEN,consistent,,2026-07-02,pre-20430 (20026..20326; per-row build in evidence),,,,July structural_bug_open via BUG-FUNC-028; streams now closed_signed_off,,,smart-fuzzer/planning/FUNCTION_STATUS_MAP.md#structural_bug_open;BUG_STREAM_REGISTER:BUG-FUNC-028
FUNC.ISFORMULA,unverified,,,,,,,July harness_pending: cell formula metadata: OxCalc integration lane,,harness:workbook,smart-fuzzer/planning/FUNCTION_STATUS_MAP.md#harness_pending
FUNC.ISLOGICAL,consistent,,2026-07-02,pre-20430 (20026..20326; per-row build in evidence),,,,July structural_bug_open via BUG-FUNC-028; streams now closed_signed_off,,,smart-fuzzer/planning/FUNCTION_STATUS_MAP.md#structural_bug_open;BUG_STREAM_REGISTER:BUG-FUNC-028
FUNC.ISNA,consistent,,2026-07-02,pre-20430 (20026..20326; per-row build in evidence),,,,"July map bit_exact_observed (array_rollup runs, no non-match; not a closure claim)",,,smart-fuzzer/planning/FUNCTION_STATUS_MAP.md#bit_exact_observed
FUNC.ISNONTEXT,consistent,,2026-07-02,pre-20430 (20026..20326; per-row build in evidence),,,,July structural_bug_open via BUG-FUNC-028; streams now closed_signed_off,,,smart-fuzzer/planning/FUNCTION_STATUS_MAP.md#structural_bug_open;BUG_STREAM_REGISTER:BUG-FUNC-028
FUNC.ISNUMBER,consistent,,2026-07-02,pre-20430 (20026..20326; per-row build in evidence),,,,"July map bit_exact_observed (array_rollup runs, no non-match; not a closure claim)",,,smart-fuzzer/planning/FUNCTION_STATUS_MAP.md#bit_exact_observed
FUNC.ISO.CEILING,consistent,,2026-07-02,pre-20430 (20026..20326; per-row build in evidence),,,,"July map bit_exact_observed (array_rollup runs, no non-match; not a closure claim)",,,smart-fuzzer/planning/FUNCTION_STATUS_MAP.md#bit_exact_observed
FUNC.ISODD,consistent,,2026-07-02,pre-20430 (20026..20326; per-row build in evidence),,,,July structural_bug_open via BUG-FUNC-028; streams now closed_signed_off,,,smart-fuzzer/planning/FUNCTION_STATUS_MAP.md#structural_bug_open;BUG_STREAM_REGISTER:BUG-FUNC-028
FUNC.ISOMITTED,unverified,,,,,,,July excluded: only meaningful inside a LAMBDA,,harness:lambda,smart-fuzzer/planning/FUNCTION_STATUS_MAP.md#excluded
FUNC.ISOWEEKNUM,consistent,,2026-07-02,pre-20430 (20026..20326; per-row build in evidence),,,,July structural_bug_open via BUG-FUNC-028; streams now closed_signed_off,,,smart-fuzzer/planning/FUNCTION_STATUS_MAP.md#structural_bug_open;BUG_STREAM_REGISTER:BUG-FUNC-028
FUNC.ISPMT,divergent,unmeasured,2026-09-12,pre-20430 (20026..20326; per-row build in evidence),6,4,,"July map bit_exact_observed (array_rollup runs, no non-match; not a closure claim); conflict: July map said consistent, stock take says divergent; stock take wins; 4/6 (W111-10)",,,smart-fuzzer/planning/FUNCTION_STATUS_MAP.md#bit_exact_observed;docs/function-lane/BIT_EXACT_STOCK_TAKE_20260922.md
FUNC.ISREF,consistent,,2026-07-02,pre-20430 (20026..20326; per-row build in evidence),,,,"July map bit_exact_observed (array_rollup runs, no non-match; not a closure claim)",,,smart-fuzzer/planning/FUNCTION_STATUS_MAP.md#bit_exact_observed
FUNC.ISTEXT,consistent,,2026-07-02,pre-20430 (20026..20326; per-row build in evidence),,,,July structural_bug_open via BUG-FUNC-028; streams now closed_signed_off,,,smart-fuzzer/planning/FUNCTION_STATUS_MAP.md#structural_bug_open;BUG_STREAM_REGISTER:BUG-FUNC-028
FUNC.JIS,unverified,,,,,,,"July mixed_or_open: genuine non-match rows, no linked stream, untriaged (W111-6); conflict: July map said divergent, stock take says unverified; stock take wins; Cat-1 locale seam; July runs returned #VALUE! at the seam (TEXT 0/78); judge under a pinned locale (W111-11)",,harness:locale,smart-fuzzer/planning/FUNCTION_STATUS_MAP.md#mixed_or_open;docs/function-lane/BIT_EXACT_STOCK_TAKE_20260922.md
FUNC.KURT,divergent,numeric,2026-09-24,20430,1504,1062,512,"W111-5 fresh corpus 2026-09-24 on build 20430 (smart-fuzzer/tools/w111/gen_w111_5_batches.py seed 20260924): 1062/1504, misses {'last_bit': 240, 'numeric': 202}; was unverified; earlier: July numeric_drift_open via BUG-FUNC-021; stream status open; conflict: July map said divergent, stock take says unverified; stock take wins; 0% in runs, untriaged: check the array route before calling it Divergent (W111-5)",,,docs/function-lane/evidence/w111-5-20260924/misses.json;smart-fuzzer/planning/FUNCTION_STATUS_MAP.md#numeric_drift_open;BUG_STREAM_REGISTER:BUG-FUNC-021;docs/function-lane/BIT_EXACT_STOCK_TAKE_20260922.md
FUNC.LAMBDA,unverified,,,,,,,not yet a catalog FunctionMeta (oxf-v8ui D1); OxFml evaluates it today,,harness:lambda,oxf-v8ui
FUNC.LARGE,consistent,,2026-07-02,pre-20430 (20026..20326; per-row build in evidence),,,,"July map bit_exact_observed (array_rollup runs, no non-match; not a closure claim)",,,smart-fuzzer/planning/FUNCTION_STATUS_MAP.md#bit_exact_observed
FUNC.LCM,consistent,,2026-07-02,pre-20430 (20026..20326; per-row build in evidence),,,,July structural_bug_open via BUG-FUNC-028; streams now closed_signed_off,,,smart-fuzzer/planning/FUNCTION_STATUS_MAP.md#structural_bug_open;BUG_STREAM_REGISTER:BUG-FUNC-028
FUNC.LEFT,consistent,,2026-07-02,pre-20430 (20026..20326; per-row build in evidence),,,,"July map bit_exact_observed (array_rollup runs, no non-match; not a closure claim)",,,smart-fuzzer/planning/FUNCTION_STATUS_MAP.md#bit_exact_observed
FUNC.LEFTB,consistent,,2026-07-02,pre-20430 (20026..20326; per-row build in evidence),,,,"July map bit_exact_observed (array_rollup runs, no non-match; not a closure claim)",,,smart-fuzzer/planning/FUNCTION_STATUS_MAP.md#bit_exact_observed
FUNC.LEN,consistent,,2026-07-02,pre-20430 (20026..20326; per-row build in evidence),,,,"July map bit_exact_observed (array_rollup runs, no non-match; not a closure claim)",,,smart-fuzzer/planning/FUNCTION_STATUS_MAP.md#bit_exact_observed
FUNC.LENB,consistent,,2026-07-02,pre-20430 (20026..20326; per-row build in evidence),,,,"July map bit_exact_observed (array_rollup runs, no non-match; not a closure claim)",,,smart-fuzzer/planning/FUNCTION_STATUS_MAP.md#bit_exact_observed
FUNC.LET,unverified,,,,,,,not yet a catalog FunctionMeta (oxf-v8ui D1); OxFml evaluates it today,,harness:lambda,oxf-v8ui
FUNC.LINEST,divergent,unmeasured,2026-09-15,pre-20430 (20026..20326; per-row build in evidence),,,,"July mixed_or_open: genuine non-match rows, no linked stream, untriaged (W111-6); catalog G3-03: coefficient graph open; FORECAST closed out of this row",,,smart-fuzzer/planning/FUNCTION_STATUS_MAP.md#mixed_or_open;docs/OXFUNC_EXCEL_DISCREPANCY_CATALOG.md#G3-03
FUNC.LN,consistent,,2026-09-12,pre-20430 (20026..20326; per-row build in evidence),249,249,0,"July map bit_exact_observed (array_rollup runs, no non-match; not a closure claim); x87 CRT chain; characterized-candidate",,,smart-fuzzer/planning/FUNCTION_STATUS_MAP.md#bit_exact_observed;docs/function-lane/BIT_EXACT_STOCK_TAKE_20260922.md
FUNC.LOG,consistent,,2026-09-12,pre-20430 (20026..20326; per-row build in evidence),249,249,0,"July structural_bug_open via BUG-FUNC-028; streams now closed_signed_off; LOG(x,base)=ln/ln; characterized-candidate",,,smart-fuzzer/planning/FUNCTION_STATUS_MAP.md#structural_bug_open;BUG_STREAM_REGISTER:BUG-FUNC-028;docs/function-lane/BIT_EXACT_STOCK_TAKE_20260922.md
FUNC.LOG10,consistent,,2026-09-12,pre-20430 (20026..20326; per-row build in evidence),249,249,0,"July map bit_exact_observed (array_rollup runs, no non-match; not a closure claim); x87 CRT chain; characterized-candidate",,,smart-fuzzer/planning/FUNCTION_STATUS_MAP.md#bit_exact_observed;docs/function-lane/BIT_EXACT_STOCK_TAKE_20260922.md
FUNC.LOGEST,divergent,unmeasured,2026-09-15,pre-20430 (20026..20326; per-row build in evidence),,,,"July mixed_or_open: genuine non-match rows, no linked stream, untriaged (W111-6); catalog G3-03: coefficient graph open; FORECAST closed out of this row",,,smart-fuzzer/planning/FUNCTION_STATUS_MAP.md#mixed_or_open;docs/OXFUNC_EXCEL_DISCREPANCY_CATALOG.md#G3-03
FUNC.LOGINV,divergent,unmeasured,2026-09-12,pre-20430 (20026..20326; per-row build in evidence),,,,"July map bit_exact_observed (array_rollup runs, no non-match; not a closure claim); conflict: July map said consistent, stock take says divergent; stock take wins; as NORM.INV",,wall:erf-erfc-body,smart-fuzzer/planning/FUNCTION_STATUS_MAP.md#bit_exact_observed;docs/function-lane/BIT_EXACT_STOCK_TAKE_20260922.md;docs/function-lane/W109_WALL_CLUES_LEDGER.md
FUNC.LOGNORM.DIST,divergent,gross,2026-09-24,20430,1505,892,1894,"W111-5 fresh corpus 2026-09-24 on build 20430 (smart-fuzzer/tools/w111/gen_w111_5_batches.py seed 20260924): 892/1505, misses {'gross': 7, 'last_bit': 202, 'numeric': 404}; was unverified; earlier: July map bit_exact_observed (array_rollup runs, no non-match; not a closure claim); conflict: July map said consistent, stock take says unverified; stock take wins; rounded witnesses only; CDF mode inherits the ERFC wall (W111-5)",,wall:erf-erfc-body,docs/function-lane/evidence/w111-5-20260924/misses.json;smart-fuzzer/planning/FUNCTION_STATUS_MAP.md#bit_exact_observed;docs/function-lane/BIT_EXACT_STOCK_TAKE_20260922.md;docs/function-lane/W109_WALL_CLUES_LEDGER.md
FUNC.LOGNORM.INV,divergent,unmeasured,2026-09-12,pre-20430 (20026..20326; per-row build in evidence),,,,"July map bit_exact_observed (array_rollup runs, no non-match; not a closure claim); conflict: July map said consistent, stock take says divergent; stock take wins; as NORM.INV",,wall:erf-erfc-body,smart-fuzzer/planning/FUNCTION_STATUS_MAP.md#bit_exact_observed;docs/function-lane/BIT_EXACT_STOCK_TAKE_20260922.md;docs/function-lane/W109_WALL_CLUES_LEDGER.md
FUNC.LOGNORMDIST,consistent,,2026-07-02,pre-20430 (20026..20326; per-row build in evidence),,,,"July map bit_exact_observed (array_rollup runs, no non-match; not a closure claim)",,wall:erf-erfc-body,smart-fuzzer/planning/FUNCTION_STATUS_MAP.md#bit_exact_observed;docs/function-lane/W109_WALL_CLUES_LEDGER.md
FUNC.LOOKUP,consistent,,2026-07-02,pre-20430 (20026..20326; per-row build in evidence),,,,"July map bit_exact_observed (array_rollup runs, no non-match; not a closure claim)",,,smart-fuzzer/planning/FUNCTION_STATUS_MAP.md#bit_exact_observed
FUNC.LOWER,consistent,,2026-07-02,pre-20430 (20026..20326; per-row build in evidence),,,,"July map bit_exact_observed (array_rollup runs, no non-match; not a closure claim)",,,smart-fuzzer/planning/FUNCTION_STATUS_MAP.md#bit_exact_observed
FUNC.MAKEARRAY,unverified,,,,,,,July excluded: callable (lambda) argument,,harness:lambda,smart-fuzzer/planning/FUNCTION_STATUS_MAP.md#excluded
FUNC.MAP,unverified,,,,,,,July excluded: callable (lambda) argument,,harness:lambda,smart-fuzzer/planning/FUNCTION_STATUS_MAP.md#excluded
FUNC.MATCH,consistent,,2026-07-02,pre-20430 (20026..20326; per-row build in evidence),,,,"July map bit_exact_observed (array_rollup runs, no non-match; not a closure claim)",,,smart-fuzzer/planning/FUNCTION_STATUS_MAP.md#bit_exact_observed
FUNC.MAX,consistent,,2026-07-02,pre-20430 (20026..20326; per-row build in evidence),,,,"July map bit_exact_observed (array_rollup runs, no non-match; not a closure claim)",,,smart-fuzzer/planning/FUNCTION_STATUS_MAP.md#bit_exact_observed
FUNC.MAXA,consistent,,2026-07-02,pre-20430 (20026..20326; per-row build in evidence),,,,"July map bit_exact_observed (array_rollup runs, no non-match; not a closure claim)",,,smart-fuzzer/planning/FUNCTION_STATUS_MAP.md#bit_exact_observed
FUNC.MAXIFS,unverified,,,,,,,July structural_bug_open via BUG-FUNC-004; streams now validated_local (fix not re-judged live): re-judge in W111-6,,,smart-fuzzer/planning/FUNCTION_STATUS_MAP.md#structural_bug_open;BUG_STREAM_REGISTER:BUG-FUNC-004
FUNC.MDETERM,unverified,,,,,,,"July map bit_exact_observed (array_rollup runs, no non-match; not a closure claim); conflict: July map said consistent, stock take says unverified; stock take wins; July map bit_exact_observed, no count (W111-5)",,,smart-fuzzer/planning/FUNCTION_STATUS_MAP.md#bit_exact_observed;docs/function-lane/BIT_EXACT_STOCK_TAKE_20260922.md
FUNC.MDURATION,divergent,last_bit,2026-09-15,pre-20430 (20026..20326; per-row build in evidence),,,3,"July map bit_exact_observed (array_rollup runs, no non-match; not a closure claim); conflict: consistent below, open catalog row G6-03c above; catalog wins; catalog G6-03c: 237/264, max 3 ULP; accumulator graph",,,smart-fuzzer/planning/FUNCTION_STATUS_MAP.md#bit_exact_observed;docs/OXFUNC_EXCEL_DISCREPANCY_CATALOG.md#G6-03c
FUNC.MEDIAN,consistent,,2026-07-02,pre-20430 (20026..20326; per-row build in evidence),,,,"July map bit_exact_observed (array_rollup runs, no non-match; not a closure claim)",,,smart-fuzzer/planning/FUNCTION_STATUS_MAP.md#bit_exact_observed
FUNC.MID,consistent,,2026-07-02,pre-20430 (20026..20326; per-row build in evidence),,,,"July map bit_exact_observed (array_rollup runs, no non-match; not a closure claim)",,,smart-fuzzer/planning/FUNCTION_STATUS_MAP.md#bit_exact_observed
FUNC.MIDB,consistent,,2026-07-02,pre-20430 (20026..20326; per-row build in evidence),,,,"July map bit_exact_observed (array_rollup runs, no non-match; not a closure claim)",,,smart-fuzzer/planning/FUNCTION_STATUS_MAP.md#bit_exact_observed
FUNC.MIN,consistent,,2026-07-02,pre-20430 (20026..20326; per-row build in evidence),,,,"July map bit_exact_observed (array_rollup runs, no non-match; not a closure claim)",,,smart-fuzzer/planning/FUNCTION_STATUS_MAP.md#bit_exact_observed
FUNC.MINA,consistent,,2026-07-02,pre-20430 (20026..20326; per-row build in evidence),,,,"July map bit_exact_observed (array_rollup runs, no non-match; not a closure claim)",,,smart-fuzzer/planning/FUNCTION_STATUS_MAP.md#bit_exact_observed
FUNC.MINIFS,unverified,,,,,,,July structural_bug_open via BUG-FUNC-004; streams now validated_local (fix not re-judged live): re-judge in W111-6,,,smart-fuzzer/planning/FUNCTION_STATUS_MAP.md#structural_bug_open;BUG_STREAM_REGISTER:BUG-FUNC-004
FUNC.MINUTE,consistent,,2026-07-02,pre-20430 (20026..20326; per-row build in evidence),,,,"July map bit_exact_observed (array_rollup runs, no non-match; not a closure claim)",,,smart-fuzzer/planning/FUNCTION_STATUS_MAP.md#bit_exact_observed
FUNC.MINVERSE,consistent,,2026-07-12,pre-20430 (20026..20326; per-row build in evidence),1599,1599,0,"July numeric_drift_open via BUG-FUNC-025; streams now closed_signed_off; numeric 1599/1599 Doolittle LU (BUG-FUNC-025 closed_signed_off); MINVERSE(5) is an internal 1x1 array in Excel too (nested TYPE probes), final-cell shape is Cat-1 publication CSC-0024 / HO-FN-010, not an OxFunc divergence",,,smart-fuzzer/planning/FUNCTION_STATUS_MAP.md#numeric_drift_open;BUG_STREAM_REGISTER:BUG-FUNC-025;docs/function-lane/BIT_EXACT_STOCK_TAKE_20260922.md
FUNC.MIRR,consistent,,2026-07-02,pre-20430 (20026..20326; per-row build in evidence),,,,"July map bit_exact_observed (array_rollup runs, no non-match; not a closure claim)",,,smart-fuzzer/planning/FUNCTION_STATUS_MAP.md#bit_exact_observed
FUNC.MMULT,unverified,,,,,,,"July map bit_exact_observed (array_rollup runs, no non-match; not a closure claim); conflict: July map said consistent, stock take says unverified; stock take wins; numeric provisional, no count (W111-5); MMULT(5,2) 1x1 array is Excel-correct, final-cell shape is Cat-1 publication CSC-0025 / HO-FN-010",,,smart-fuzzer/planning/FUNCTION_STATUS_MAP.md#bit_exact_observed;docs/function-lane/BIT_EXACT_STOCK_TAKE_20260922.md
FUNC.MOD,consistent,,2026-06-20,pre-20430 (20026..20326; per-row build in evidence),19,19,0,"July numeric_drift_open via BUG-FUNC-027; stream status open; conflict: July map said divergent, stock take says consistent; stock take wins; exact IEEE remainder",,,smart-fuzzer/planning/FUNCTION_STATUS_MAP.md#numeric_drift_open;BUG_STREAM_REGISTER:BUG-FUNC-027;docs/function-lane/BIT_EXACT_STOCK_TAKE_20260922.md
FUNC.MODE,consistent,,2026-07-02,pre-20430 (20026..20326; per-row build in evidence),,,,"July map bit_exact_observed (array_rollup runs, no non-match; not a closure claim)",,,smart-fuzzer/planning/FUNCTION_STATUS_MAP.md#bit_exact_observed
FUNC.MODE.MULT,consistent,,2026-07-02,pre-20430 (20026..20326; per-row build in evidence),,,,"July map bit_exact_observed (array_rollup runs, no non-match; not a closure claim)",,,smart-fuzzer/planning/FUNCTION_STATUS_MAP.md#bit_exact_observed
FUNC.MODE.SNGL,consistent,,2026-07-02,pre-20430 (20026..20326; per-row build in evidence),,,,"July map bit_exact_observed (array_rollup runs, no non-match; not a closure claim)",,,smart-fuzzer/planning/FUNCTION_STATUS_MAP.md#bit_exact_observed
FUNC.MONTH,consistent,,2026-07-02,pre-20430 (20026..20326; per-row build in evidence),,,,"July map bit_exact_observed (array_rollup runs, no non-match; not a closure claim)",,,smart-fuzzer/planning/FUNCTION_STATUS_MAP.md#bit_exact_observed
FUNC.MROUND,divergent,unmeasured,2026-06-04,pre-20430 (20026..20326; per-row build in evidence),,,,July numeric_drift_open via BUG-FUNC-027; stream status open,,,smart-fuzzer/planning/FUNCTION_STATUS_MAP.md#numeric_drift_open;BUG_STREAM_REGISTER:BUG-FUNC-027
FUNC.MULTINOMIAL,divergent,numeric,2026-09-12,pre-20430 (20026..20326; per-row build in evidence),10,1,22,"July structural_bug_open via BUG-FUNC-028; streams now closed_signed_off; conflict: July map said consistent, stock take says divergent; stock take wins; private Lanczos lgamma",,wall:private-pmf,smart-fuzzer/planning/FUNCTION_STATUS_MAP.md#structural_bug_open;BUG_STREAM_REGISTER:BUG-FUNC-028;docs/function-lane/BIT_EXACT_STOCK_TAKE_20260922.md;docs/function-lane/W109_WALL_CLUES_LEDGER.md
FUNC.MUNIT,consistent,,2026-07-02,pre-20430 (20026..20326; per-row build in evidence),,,,"July map bit_exact_observed (array_rollup runs, no non-match; not a closure claim)",,,smart-fuzzer/planning/FUNCTION_STATUS_MAP.md#bit_exact_observed
FUNC.N,consistent,,2026-07-02,pre-20430 (20026..20326; per-row build in evidence),,,,"July map bit_exact_observed (array_rollup runs, no non-match; not a closure claim)",,,smart-fuzzer/planning/FUNCTION_STATUS_MAP.md#bit_exact_observed
FUNC.NA,consistent,,2026-07-02,pre-20430 (20026..20326; per-row build in evidence),,,,"July map bit_exact_observed (array_rollup runs, no non-match; not a closure claim)",,,smart-fuzzer/planning/FUNCTION_STATUS_MAP.md#bit_exact_observed
FUNC.NEGBINOM.DIST,divergent,unmeasured,2026-09-12,pre-20430 (20026..20326; per-row build in evidence),48,11,,July numeric_drift_open via BUG-FUNC-021; stream status open; large-n 0/48; k=0 slice 8/8 landed,,wall:private-pmf,smart-fuzzer/planning/FUNCTION_STATUS_MAP.md#numeric_drift_open;BUG_STREAM_REGISTER:BUG-FUNC-021;docs/function-lane/BIT_EXACT_STOCK_TAKE_20260922.md;docs/function-lane/W109_WALL_CLUES_LEDGER.md
FUNC.NEGBINOMDIST,divergent,unmeasured,2026-09-15,pre-20430 (20026..20326; per-row build in evidence),,,,July numeric_drift_open via BUG-FUNC-021; stream status open; catalog G3-01: legacy distribution family; bodies on ERFC / bgrat / private PMF walls,,wall:private-pmf,smart-fuzzer/planning/FUNCTION_STATUS_MAP.md#numeric_drift_open;BUG_STREAM_REGISTER:BUG-FUNC-021;docs/OXFUNC_EXCEL_DISCREPANCY_CATALOG.md#G3-01;docs/function-lane/W109_WALL_CLUES_LEDGER.md
FUNC.NETWORKDAYS,consistent,,2026-09-24,20430,1200,1200,0,"W111-5 fresh corpus 2026-09-24 on build 20430 (smart-fuzzer/tools/w111/gen_w111_5_batches.py seed 20260924): 1200/1200, all rows agree; was unverified; earlier: July structural_bug_open via BUG-FUNC-028; streams now closed_signed_off; conflict: July map said consistent, stock take says unverified; stock take wins; 67.9% historical aggregate, current state unknown (W111-5)",,,docs/function-lane/evidence/w111-5-20260924/misses.json;smart-fuzzer/planning/FUNCTION_STATUS_MAP.md#structural_bug_open;BUG_STREAM_REGISTER:BUG-FUNC-028;docs/function-lane/BIT_EXACT_STOCK_TAKE_20260922.md
FUNC.NETWORKDAYS.INTL,consistent,,2026-09-24,20430,1200,1200,0,"W111-5 fresh corpus 2026-09-24 on build 20430 (smart-fuzzer/tools/w111/gen_w111_5_batches.py seed 20260924): 1200/1200, all rows agree; was unverified; earlier: July structural_bug_open via BUG-FUNC-028; streams now closed_signed_off; conflict: July map said consistent, stock take says unverified; stock take wins; historical aggregate only (W111-5)",,,docs/function-lane/evidence/w111-5-20260924/misses.json;smart-fuzzer/planning/FUNCTION_STATUS_MAP.md#structural_bug_open;BUG_STREAM_REGISTER:BUG-FUNC-028;docs/function-lane/BIT_EXACT_STOCK_TAKE_20260922.md
FUNC.NOMINAL,consistent,,2026-08-20,pre-20430 (20026..20326; per-row build in evidence),,,,"July map bit_exact_observed (array_rollup runs, no non-match; not a closure claim); identified",,,smart-fuzzer/planning/FUNCTION_STATUS_MAP.md#bit_exact_observed;docs/function-lane/BIT_EXACT_STOCK_TAKE_20260922.md
FUNC.NORM.DIST,divergent,last_bit,2026-08-21,pre-20430 (20026..20326; per-row build in evidence),64,64,1,"July map bit_exact_observed (array_rollup runs, no non-match; not a closure claim); conflict: July map said consistent, stock take says divergent; stock take wins; wrapper 64/64; CDF body inherits the ERFC wall",,wall:erf-erfc-body,smart-fuzzer/planning/FUNCTION_STATUS_MAP.md#bit_exact_observed;docs/function-lane/BIT_EXACT_STOCK_TAKE_20260922.md;docs/function-lane/W109_WALL_CLUES_LEDGER.md
FUNC.NORM.INV,divergent,unmeasured,2026-09-12,pre-20430 (20026..20326; per-row build in evidence),24,0,,"July map bit_exact_observed (array_rollup runs, no non-match; not a closure claim); conflict: July map said consistent, stock take says divergent; stock take wins; kept on Acklam by design; oddness 8/9",,wall:erf-erfc-body,smart-fuzzer/planning/FUNCTION_STATUS_MAP.md#bit_exact_observed;docs/function-lane/BIT_EXACT_STOCK_TAKE_20260922.md;docs/function-lane/W109_WALL_CLUES_LEDGER.md
FUNC.NORM.S.DIST,divergent,last_bit,2026-09-15,pre-20430 (20026..20326; per-row build in evidence),,,1,July numeric_drift_open via BUG-FUNC-021; stream status open; catalog G3-07: sign-split wrapper landed (G-F3); body inherits the ERFC wall; NORMSDIST(-1) 1 ULP,,wall:erf-erfc-body,smart-fuzzer/planning/FUNCTION_STATUS_MAP.md#numeric_drift_open;BUG_STREAM_REGISTER:BUG-FUNC-021;docs/OXFUNC_EXCEL_DISCREPANCY_CATALOG.md#G3-07;docs/function-lane/W109_WALL_CLUES_LEDGER.md
FUNC.NORM.S.INV,divergent,unmeasured,2026-09-12,pre-20430 (20026..20326; per-row build in evidence),24,0,,July numeric_drift_open via BUG-FUNC-021; stream status open; as NORM.INV,,wall:erf-erfc-body,smart-fuzzer/planning/FUNCTION_STATUS_MAP.md#numeric_drift_open;BUG_STREAM_REGISTER:BUG-FUNC-021;docs/function-lane/BIT_EXACT_STOCK_TAKE_20260922.md;docs/function-lane/W109_WALL_CLUES_LEDGER.md
FUNC.NORMDIST,divergent,numeric,2026-09-24,20430,1505,1218,355,"W111-5 fresh corpus 2026-09-24 on build 20430 (smart-fuzzer/tools/w111/gen_w111_5_batches.py seed 20260924): 1218/1505, misses {'last_bit': 184, 'numeric': 103}; was unverified; earlier: July structural_bug_open via BUG-FUNC-018; streams now validated_local (fix not re-judged live): re-judge in W111-6; rounded witnesses only; CDF mode inherits the ERFC wall (W111-5)",,wall:erf-erfc-body,docs/function-lane/evidence/w111-5-20260924/misses.json;smart-fuzzer/planning/FUNCTION_STATUS_MAP.md#structural_bug_open;BUG_STREAM_REGISTER:BUG-FUNC-018;docs/function-lane/BIT_EXACT_STOCK_TAKE_20260922.md;docs/function-lane/W109_WALL_CLUES_LEDGER.md
FUNC.NORMINV,divergent,unmeasured,2026-09-12,pre-20430 (20026..20326; per-row build in evidence),24,0,,"July map bit_exact_observed (array_rollup runs, no non-match; not a closure claim); conflict: July map said consistent, stock take says divergent; stock take wins; as NORM.INV",,wall:erf-erfc-body,smart-fuzzer/planning/FUNCTION_STATUS_MAP.md#bit_exact_observed;docs/function-lane/BIT_EXACT_STOCK_TAKE_20260922.md;docs/function-lane/W109_WALL_CLUES_LEDGER.md
FUNC.NORMSDIST,divergent,last_bit,2026-09-15,pre-20430 (20026..20326; per-row build in evidence),,,1,July numeric_drift_open via BUG-FUNC-021; stream status open; catalog G3-07: sign-split wrapper landed (G-F3); body inherits the ERFC wall; NORMSDIST(-1) 1 ULP,,wall:erf-erfc-body,smart-fuzzer/planning/FUNCTION_STATUS_MAP.md#numeric_drift_open;BUG_STREAM_REGISTER:BUG-FUNC-021;docs/OXFUNC_EXCEL_DISCREPANCY_CATALOG.md#G3-07;docs/function-lane/W109_WALL_CLUES_LEDGER.md
FUNC.NORMSINV,divergent,unmeasured,2026-09-12,pre-20430 (20026..20326; per-row build in evidence),24,0,,July numeric_drift_open via BUG-FUNC-021; stream status open; as NORM.INV,,wall:erf-erfc-body,smart-fuzzer/planning/FUNCTION_STATUS_MAP.md#numeric_drift_open;BUG_STREAM_REGISTER:BUG-FUNC-021;docs/function-lane/BIT_EXACT_STOCK_TAKE_20260922.md;docs/function-lane/W109_WALL_CLUES_LEDGER.md
FUNC.NOT,consistent,,2026-07-02,pre-20430 (20026..20326; per-row build in evidence),,,,July structural_bug_open via BUG-FUNC-028; streams now closed_signed_off,,,smart-fuzzer/planning/FUNCTION_STATUS_MAP.md#structural_bug_open;BUG_STREAM_REGISTER:BUG-FUNC-028
FUNC.NOW,unverified,,,,,,,July excluded: volatile clock (TimeDependent); not bit-comparable per evaluation,,harness:random,smart-fuzzer/planning/FUNCTION_STATUS_MAP.md#excluded
FUNC.NPER,consistent,,2026-07-12,pre-20430 (20026..20326; per-row build in evidence),1293,1293,0,"July mixed_or_open: genuine non-match rows, no linked stream, untriaged (W111-6); conflict: July map said divergent, stock take says consistent; stock take wins",,,smart-fuzzer/planning/FUNCTION_STATUS_MAP.md#mixed_or_open;docs/function-lane/BIT_EXACT_STOCK_TAKE_20260922.md
FUNC.NPV,divergent,last_bit,2026-07-12,pre-20430 (20026..20326; per-row build in evidence),900,636,4,"July mixed_or_open: genuine non-match rows, no linked stream, untriaged (W111-6); no exact candidate",,,smart-fuzzer/planning/FUNCTION_STATUS_MAP.md#mixed_or_open;docs/function-lane/BIT_EXACT_STOCK_TAKE_20260922.md
FUNC.NUMBERVALUE,unverified,,,,,,,"July structural_bug_open via BUG-FUNC-028; streams now closed_signed_off; conflict: July map said consistent, stock take says unverified; stock take wins; Cat-1 locale seam; July runs returned #VALUE! at the seam (TEXT 0/78); judge under a pinned locale (W111-11)",,harness:locale,smart-fuzzer/planning/FUNCTION_STATUS_MAP.md#structural_bug_open;BUG_STREAM_REGISTER:BUG-FUNC-028;docs/function-lane/BIT_EXACT_STOCK_TAKE_20260922.md
FUNC.OCT2BIN,consistent,,2026-07-02,pre-20430 (20026..20326; per-row build in evidence),,,,"July map bit_exact_observed (array_rollup runs, no non-match; not a closure claim)",,,smart-fuzzer/planning/FUNCTION_STATUS_MAP.md#bit_exact_observed
FUNC.OCT2DEC,consistent,,2026-07-02,pre-20430 (20026..20326; per-row build in evidence),,,,July structural_bug_open via BUG-FUNC-028; streams now closed_signed_off,,,smart-fuzzer/planning/FUNCTION_STATUS_MAP.md#structural_bug_open;BUG_STREAM_REGISTER:BUG-FUNC-028
FUNC.OCT2HEX,consistent,,2026-07-02,pre-20430 (20026..20326; per-row build in evidence),,,,"July map bit_exact_observed (array_rollup runs, no non-match; not a closure claim)",,,smart-fuzzer/planning/FUNCTION_STATUS_MAP.md#bit_exact_observed
FUNC.ODD,consistent,,2026-07-02,pre-20430 (20026..20326; per-row build in evidence),,,,"July map bit_exact_observed (array_rollup runs, no non-match; not a closure claim)",,,smart-fuzzer/planning/FUNCTION_STATUS_MAP.md#bit_exact_observed
FUNC.ODDFPRICE,divergent,unmeasured,2026-07-14,pre-20430 (20026..20326; per-row build in evidence),15,15,,"July structural_bug_open via BUG-FUNC-032; streams now validated_local (fix not re-judged live): re-judge in W111-6; 30/360 exact (10/10 + 5/5); actual bases not yet exact per stock take, docs disagree (W111-10: measure)",,,smart-fuzzer/planning/FUNCTION_STATUS_MAP.md#structural_bug_open;BUG_STREAM_REGISTER:BUG-FUNC-032;docs/function-lane/BIT_EXACT_STOCK_TAKE_20260922.md
FUNC.ODDFYIELD,divergent,gross,2026-09-15,pre-20430 (20026..20326; per-row build in evidence),,,3700000,July structural_bug_open via BUG-FUNC-032; streams now validated_local (fix not re-judged live): re-judge in W111-6; catalog G6-04: 62k to 3.7M ULP; shares the YIELD solver,,,smart-fuzzer/planning/FUNCTION_STATUS_MAP.md#structural_bug_open;BUG_STREAM_REGISTER:BUG-FUNC-032;docs/OXFUNC_EXCEL_DISCREPANCY_CATALOG.md#G6-04
FUNC.ODDLPRICE,consistent,,2026-07-02,pre-20430 (20026..20326; per-row build in evidence),,,,"July map bit_exact_observed (array_rollup runs, no non-match; not a closure claim)",,,smart-fuzzer/planning/FUNCTION_STATUS_MAP.md#bit_exact_observed
FUNC.ODDLYIELD,consistent,,2026-07-02,pre-20430 (20026..20326; per-row build in evidence),,,,"July map bit_exact_observed (array_rollup runs, no non-match; not a closure claim)",,,smart-fuzzer/planning/FUNCTION_STATUS_MAP.md#bit_exact_observed
FUNC.OFFSET,unverified,,,,,,,July harness_pending: reference-return: OxCalc integration conformance lane,,harness:workbook,smart-fuzzer/planning/FUNCTION_STATUS_MAP.md#harness_pending
FUNC.OP_ADD,consistent,,2026-07-02,pre-20430 (20026..20326; per-row build in evidence),,,,"July map bit_exact_observed (array_rollup runs, no non-match; not a closure claim)",,,smart-fuzzer/planning/FUNCTION_STATUS_MAP.md#bit_exact_observed
FUNC.OP_CONCAT,consistent,,2026-07-02,pre-20430 (20026..20326; per-row build in evidence),,,,"July map bit_exact_observed (array_rollup runs, no non-match; not a closure claim)",,,smart-fuzzer/planning/FUNCTION_STATUS_MAP.md#bit_exact_observed
FUNC.OP_DIVIDE,consistent,,2026-07-02,pre-20430 (20026..20326; per-row build in evidence),,,,"July map bit_exact_observed (array_rollup runs, no non-match; not a closure claim)",,,smart-fuzzer/planning/FUNCTION_STATUS_MAP.md#bit_exact_observed
FUNC.OP_EQUAL,consistent,,2026-07-02,pre-20430 (20026..20326; per-row build in evidence),,,,"July map bit_exact_observed (array_rollup runs, no non-match; not a closure claim)",,,smart-fuzzer/planning/FUNCTION_STATUS_MAP.md#bit_exact_observed
FUNC.OP_GREATER_EQUAL,consistent,,2026-07-02,pre-20430 (20026..20326; per-row build in evidence),,,,"July map bit_exact_observed (array_rollup runs, no non-match; not a closure claim)",,,smart-fuzzer/planning/FUNCTION_STATUS_MAP.md#bit_exact_observed
FUNC.OP_GREATER_THAN,consistent,,2026-07-02,pre-20430 (20026..20326; per-row build in evidence),,,,"July map bit_exact_observed (array_rollup runs, no non-match; not a closure claim)",,,smart-fuzzer/planning/FUNCTION_STATUS_MAP.md#bit_exact_observed
FUNC.OP_INTERSECTION_REF,unverified,,,,,,,July harness_pending: reference-materialisation: OxCalc integration lane,,harness:workbook,smart-fuzzer/planning/FUNCTION_STATUS_MAP.md#harness_pending
FUNC.OP_LESS_EQUAL,consistent,,2026-07-02,pre-20430 (20026..20326; per-row build in evidence),,,,"July map bit_exact_observed (array_rollup runs, no non-match; not a closure claim)",,,smart-fuzzer/planning/FUNCTION_STATUS_MAP.md#bit_exact_observed
FUNC.OP_LESS_THAN,consistent,,2026-07-02,pre-20430 (20026..20326; per-row build in evidence),,,,"July map bit_exact_observed (array_rollup runs, no non-match; not a closure claim)",,,smart-fuzzer/planning/FUNCTION_STATUS_MAP.md#bit_exact_observed
FUNC.OP_MULTIPLY,consistent,,2026-07-02,pre-20430 (20026..20326; per-row build in evidence),,,,"July map bit_exact_observed (array_rollup runs, no non-match; not a closure claim)",,,smart-fuzzer/planning/FUNCTION_STATUS_MAP.md#bit_exact_observed
FUNC.OP_NEGATE,consistent,,2026-07-02,pre-20430 (20026..20326; per-row build in evidence),,,,"July map bit_exact_observed (array_rollup runs, no non-match; not a closure claim)",,,smart-fuzzer/planning/FUNCTION_STATUS_MAP.md#bit_exact_observed
FUNC.OP_NOT_EQUAL,consistent,,2026-07-02,pre-20430 (20026..20326; per-row build in evidence),,,,"July map bit_exact_observed (array_rollup runs, no non-match; not a closure claim)",,,smart-fuzzer/planning/FUNCTION_STATUS_MAP.md#bit_exact_observed
FUNC.OP_PERCENT,consistent,,2026-07-02,pre-20430 (20026..20326; per-row build in evidence),,,,"July map bit_exact_observed (array_rollup runs, no non-match; not a closure claim)",,,smart-fuzzer/planning/FUNCTION_STATUS_MAP.md#bit_exact_observed
FUNC.OP_POWER,consistent,,2026-07-04,pre-20430 (20026..20326; per-row build in evidence),,,,"July map bit_exact_observed (array_rollup runs, no non-match; not a closure claim); shares the POWER kernel; no separate operator count",,,smart-fuzzer/planning/FUNCTION_STATUS_MAP.md#bit_exact_observed;docs/function-lane/BIT_EXACT_STOCK_TAKE_20260922.md
FUNC.OP_RANGE_REF,unverified,,,,,,,July harness_pending: reference-materialisation: OxCalc integration lane,,harness:workbook,smart-fuzzer/planning/FUNCTION_STATUS_MAP.md#harness_pending
FUNC.OP_SPILL_REF,unverified,,,,,,,July harness_pending: spill-anchor host context: OxCalc integration lane,,harness:workbook,smart-fuzzer/planning/FUNCTION_STATUS_MAP.md#harness_pending
FUNC.OP_SUBTRACT,consistent,,2026-07-02,pre-20430 (20026..20326; per-row build in evidence),,,,"July map bit_exact_observed (array_rollup runs, no non-match; not a closure claim)",,,smart-fuzzer/planning/FUNCTION_STATUS_MAP.md#bit_exact_observed
FUNC.OP_TRIM_REF_BOTH,unverified,,,,,,,July harness_pending: newest range-trim syntax + spill context: OxCalc integration lane,,harness:workbook,smart-fuzzer/planning/FUNCTION_STATUS_MAP.md#harness_pending
FUNC.OP_TRIM_REF_LEADING,unverified,,,,,,,July harness_pending: newest range-trim syntax + spill context: OxCalc integration lane,,harness:workbook,smart-fuzzer/planning/FUNCTION_STATUS_MAP.md#harness_pending
FUNC.OP_TRIM_REF_TRAILING,unverified,,,,,,,July harness_pending: newest range-trim syntax + spill context: OxCalc integration lane,,harness:workbook,smart-fuzzer/planning/FUNCTION_STATUS_MAP.md#harness_pending
FUNC.OP_UNARY_PLUS,consistent,,2026-07-02,pre-20430 (20026..20326; per-row build in evidence),,,,"July map bit_exact_observed (array_rollup runs, no non-match; not a closure claim)",,,smart-fuzzer/planning/FUNCTION_STATUS_MAP.md#bit_exact_observed
FUNC.OP_UNION_REF,unverified,,,,,,,July structural_bug_open via BUG-FUNC-003; streams now handed_off (fix not re-judged live): re-judge in W111-6,,harness:workbook,smart-fuzzer/planning/FUNCTION_STATUS_MAP.md#structural_bug_open;BUG_STREAM_REGISTER:BUG-FUNC-003
FUNC.OR,divergent,structural,2026-09-15,pre-20430 (20026..20326; per-row build in evidence),,,,"July map bit_exact_observed (array_rollup runs, no non-match; not a closure claim); conflict: consistent below, open catalog row G1-02 above; catalog wins; catalog G1-02: direct text other than TRUE/FALSE raises #VALUE! where Excel ignores it; fix owned by oxf-xvt5.15",,,smart-fuzzer/planning/FUNCTION_STATUS_MAP.md#bit_exact_observed;docs/OXFUNC_EXCEL_DISCREPANCY_CATALOG.md#G1-02
FUNC.PDURATION,consistent,,2026-09-12,pre-20430 (20026..20326; per-row build in evidence),80,80,0,"July map bit_exact_observed (array_rollup runs, no non-match; not a closure claim); split-LN form",,,smart-fuzzer/planning/FUNCTION_STATUS_MAP.md#bit_exact_observed;docs/function-lane/BIT_EXACT_STOCK_TAKE_20260922.md
FUNC.PEARSON,consistent,,2026-07-02,pre-20430 (20026..20326; per-row build in evidence),,,,"July map bit_exact_observed (array_rollup runs, no non-match; not a closure claim)",,,smart-fuzzer/planning/FUNCTION_STATUS_MAP.md#bit_exact_observed
FUNC.PERCENTILE,consistent,,2026-07-02,pre-20430 (20026..20326; per-row build in evidence),,,,"July map bit_exact_observed (array_rollup runs, no non-match; not a closure claim)",,,smart-fuzzer/planning/FUNCTION_STATUS_MAP.md#bit_exact_observed
FUNC.PERCENTILE.EXC,divergent,unmeasured,2026-05-28,pre-20430 (20026..20326; per-row build in evidence),,,,"July mixed_or_open: genuine non-match rows, no linked stream, untriaged (W111-6)",,,smart-fuzzer/planning/FUNCTION_STATUS_MAP.md#mixed_or_open
FUNC.PERCENTILE.INC,divergent,unmeasured,2026-05-28,pre-20430 (20026..20326; per-row build in evidence),,,,"July mixed_or_open: genuine non-match rows, no linked stream, untriaged (W111-6)",,,smart-fuzzer/planning/FUNCTION_STATUS_MAP.md#mixed_or_open
FUNC.PERCENTOF,consistent,,2026-07-02,pre-20430 (20026..20326; per-row build in evidence),,,,"July map bit_exact_observed (array_rollup runs, no non-match; not a closure claim)",,,smart-fuzzer/planning/FUNCTION_STATUS_MAP.md#bit_exact_observed
FUNC.PERCENTRANK,divergent,unmeasured,2026-05-04,pre-20430 (20026..20326; per-row build in evidence),,,,July numeric_drift_open via BUG-FUNC-021; stream status open,,,smart-fuzzer/planning/FUNCTION_STATUS_MAP.md#numeric_drift_open;BUG_STREAM_REGISTER:BUG-FUNC-021
FUNC.PERCENTRANK.EXC,divergent,unmeasured,2026-07-02,pre-20430 (20026..20326; per-row build in evidence),,,,July numeric_drift_open via BUG-FUNC-021; stream status open,,,smart-fuzzer/planning/FUNCTION_STATUS_MAP.md#numeric_drift_open;BUG_STREAM_REGISTER:BUG-FUNC-021
FUNC.PERCENTRANK.INC,divergent,unmeasured,2026-07-02,pre-20430 (20026..20326; per-row build in evidence),,,,July numeric_drift_open via BUG-FUNC-021; stream status open,,,smart-fuzzer/planning/FUNCTION_STATUS_MAP.md#numeric_drift_open;BUG_STREAM_REGISTER:BUG-FUNC-021
FUNC.PERMUT,consistent,,2026-07-12,pre-20430 (20026..20326; per-row build in evidence),702,702,0,"July map bit_exact_observed (array_rollup runs, no non-match; not a closure claim); held-out split not published",,,smart-fuzzer/planning/FUNCTION_STATUS_MAP.md#bit_exact_observed;docs/function-lane/BIT_EXACT_STOCK_TAKE_20260922.md
FUNC.PERMUTATIONA,divergent,unmeasured,2026-07-02,pre-20430 (20026..20326; per-row build in evidence),,,,July numeric_drift_open via BUG-FUNC-027; stream status open,,,smart-fuzzer/planning/FUNCTION_STATUS_MAP.md#numeric_drift_open;BUG_STREAM_REGISTER:BUG-FUNC-027
FUNC.PHI,consistent,,2026-07-20,pre-20430 (20026..20326; per-row build in evidence),764,764,0,"July mixed_or_open: genuine non-match rows, no linked stream, untriaged (W111-6); conflict: July map said divergent, stock take says consistent; stock take wins",,,smart-fuzzer/planning/FUNCTION_STATUS_MAP.md#mixed_or_open;docs/function-lane/BIT_EXACT_STOCK_TAKE_20260922.md
FUNC.PI,consistent,,2026-07-02,pre-20430 (20026..20326; per-row build in evidence),,,,"July map bit_exact_observed (array_rollup runs, no non-match; not a closure claim)",,,smart-fuzzer/planning/FUNCTION_STATUS_MAP.md#bit_exact_observed
FUNC.PIVOTBY,unverified,,,,,,,July excluded: callable / pivot aggregation form,,harness:lambda,smart-fuzzer/planning/FUNCTION_STATUS_MAP.md#excluded
FUNC.PMT,divergent,unmeasured,2026-09-15,pre-20430 (20026..20326; per-row build in evidence),,,,"July numeric_drift_open via BUG-FUNC-015; stream status investigating; catalog G6-01: expm1 |tau|<1 double-rounding wall; live PMT 10,801/13,752",,wall:pmt-expm1,smart-fuzzer/planning/FUNCTION_STATUS_MAP.md#numeric_drift_open;BUG_STREAM_REGISTER:BUG-FUNC-015;docs/OXFUNC_EXCEL_DISCREPANCY_CATALOG.md#G6-01;docs/function-lane/W109_WALL_CLUES_LEDGER.md
FUNC.POISSON,divergent,unmeasured,2026-09-12,pre-20430 (20026..20326; per-row build in evidence),56,38,,"July map bit_exact_observed (array_rollup runs, no non-match; not a closure claim); conflict: July map said consistent, stock take says divergent; stock take wins; k=0 34,000+ exact; k=1 / small lambda 38/56 live, sqrt staging",,,smart-fuzzer/planning/FUNCTION_STATUS_MAP.md#bit_exact_observed;docs/function-lane/BIT_EXACT_STOCK_TAKE_20260922.md
FUNC.POISSON.DIST,divergent,unmeasured,2026-09-12,pre-20430 (20026..20326; per-row build in evidence),56,38,,"July map bit_exact_observed (array_rollup runs, no non-match; not a closure claim); conflict: July map said consistent, stock take says divergent; stock take wins; as POISSON",,,smart-fuzzer/planning/FUNCTION_STATUS_MAP.md#bit_exact_observed;docs/function-lane/BIT_EXACT_STOCK_TAKE_20260922.md
FUNC.POWER,consistent,,2026-07-04,pre-20430 (20026..20326; per-row build in evidence),715,715,0,"July numeric_drift_open via BUG-FUNC-027; stream status open; conflict: July map said divergent, stock take says consistent; stock take wins; 715/715 is the fitted matrix; b24 11,045/11,045; re-race 33,145/33,145",,,smart-fuzzer/planning/FUNCTION_STATUS_MAP.md#numeric_drift_open;BUG_STREAM_REGISTER:BUG-FUNC-027;docs/function-lane/BIT_EXACT_STOCK_TAKE_20260922.md
FUNC.PPMT,divergent,unmeasured,2026-09-15,pre-20430 (20026..20326; per-row build in evidence),,,,"July numeric_drift_open via BUG-FUNC-015; stream status investigating; catalog G6-01: expm1 |tau|<1 double-rounding wall; live PMT 10,801/13,752",,wall:pmt-expm1,smart-fuzzer/planning/FUNCTION_STATUS_MAP.md#numeric_drift_open;BUG_STREAM_REGISTER:BUG-FUNC-015;docs/OXFUNC_EXCEL_DISCREPANCY_CATALOG.md#G6-01;docs/function-lane/W109_WALL_CLUES_LEDGER.md
FUNC.PRICE,divergent,last_bit,2026-09-15,pre-20430 (20026..20326; per-row build in evidence),,,1,"July map bit_exact_observed (array_rollup runs, no non-match; not a closure claim); conflict: consistent below, open catalog row G6-03d above; catalog wins; catalog G6-03d: Actual/360 and Actual/365: all residuals exactly -1 ULP (564/600)",,,smart-fuzzer/planning/FUNCTION_STATUS_MAP.md#bit_exact_observed;docs/OXFUNC_EXCEL_DISCREPANCY_CATALOG.md#G6-03d
FUNC.PRICEDISC,divergent,numeric,2026-09-25,20430,2400,1586,111,"W111 G8-05 YEARFRAC basis-1 fix and first live judging of the shared day-count users, two fresh corpora: 1586/2400 on build 20430, misses {'last_bit': 766, 'numeric': 48}; was consistent; earlier: July map bit_exact_observed (array_rollup runs, no non-match; not a closure claim)",,,docs/function-lane/evidence/w111-g8-yearfrac-20260925/misses.json;smart-fuzzer/planning/FUNCTION_STATUS_MAP.md#bit_exact_observed
FUNC.PRICEMAT,consistent,,2026-09-24,20430,1204,1204,0,"W111-5 fresh corpus 2026-09-24 on build 20430 (smart-fuzzer/tools/w111/gen_w111_5_batches.py seed 20260924): 1204/1204, all rows agree; was unverified; earlier: July map bit_exact_observed (array_rollup runs, no non-match; not a closure claim); conflict: July map said consistent, stock take says unverified; stock take wins; July map bit_exact_observed but one witness only (W111-5)",,,docs/function-lane/evidence/w111-5-20260924/misses.json;smart-fuzzer/planning/FUNCTION_STATUS_MAP.md#bit_exact_observed;docs/function-lane/BIT_EXACT_STOCK_TAKE_20260922.md
FUNC.PROB,consistent,,2026-07-02,pre-20430 (20026..20326; per-row build in evidence),,,,"July map bit_exact_observed (array_rollup runs, no non-match; not a closure claim)",,,smart-fuzzer/planning/FUNCTION_STATUS_MAP.md#bit_exact_observed
FUNC.PRODUCT,consistent,,2026-07-02,pre-20430 (20026..20326; per-row build in evidence),,,,"July map bit_exact_observed (array_rollup runs, no non-match; not a closure claim)",,,smart-fuzzer/planning/FUNCTION_STATUS_MAP.md#bit_exact_observed
FUNC.PROPER,consistent,,2026-07-02,pre-20430 (20026..20326; per-row build in evidence),,,,"July map bit_exact_observed (array_rollup runs, no non-match; not a closure claim)",,,smart-fuzzer/planning/FUNCTION_STATUS_MAP.md#bit_exact_observed
FUNC.PV,consistent,,2026-07-12,pre-20430 (20026..20326; per-row build in evidence),48,48,0,"July map bit_exact_observed (array_rollup runs, no non-match; not a closure claim)",,,smart-fuzzer/planning/FUNCTION_STATUS_MAP.md#bit_exact_observed;docs/function-lane/BIT_EXACT_STOCK_TAKE_20260922.md
FUNC.QUARTILE,consistent,,2026-07-02,pre-20430 (20026..20326; per-row build in evidence),,,,"July map bit_exact_observed (array_rollup runs, no non-match; not a closure claim)",,,smart-fuzzer/planning/FUNCTION_STATUS_MAP.md#bit_exact_observed
FUNC.QUARTILE.EXC,divergent,unmeasured,2026-05-28,pre-20430 (20026..20326; per-row build in evidence),,,,"July mixed_or_open: genuine non-match rows, no linked stream, untriaged (W111-6)",,,smart-fuzzer/planning/FUNCTION_STATUS_MAP.md#mixed_or_open
FUNC.QUARTILE.INC,divergent,unmeasured,2026-05-28,pre-20430 (20026..20326; per-row build in evidence),,,,"July mixed_or_open: genuine non-match rows, no linked stream, untriaged (W111-6)",,,smart-fuzzer/planning/FUNCTION_STATUS_MAP.md#mixed_or_open
FUNC.QUOTIENT,consistent,,2026-07-02,pre-20430 (20026..20326; per-row build in evidence),,,,July structural_bug_open via BUG-FUNC-028; streams now closed_signed_off,,,smart-fuzzer/planning/FUNCTION_STATUS_MAP.md#structural_bug_open;BUG_STREAM_REGISTER:BUG-FUNC-028
FUNC.RADIANS,consistent,,2026-07-02,pre-20430 (20026..20326; per-row build in evidence),,,,"July map bit_exact_observed (array_rollup runs, no non-match; not a closure claim)",,,smart-fuzzer/planning/FUNCTION_STATUS_MAP.md#bit_exact_observed
FUNC.RAND,unverified,,,,,,,July harness_pending: statistical-profile harness built (v0 consistent); not bit-exact by nature,,harness:random,smart-fuzzer/planning/FUNCTION_STATUS_MAP.md#harness_pending
FUNC.RANDARRAY,unverified,,,,,,,July harness_pending: statistical-profile harness built (v0 consistent); not bit-exact by nature,,harness:random,smart-fuzzer/planning/FUNCTION_STATUS_MAP.md#harness_pending
FUNC.RANDBETWEEN,unverified,,,,,,,July harness_pending: statistical-profile harness built (v0 consistent); not bit-exact by nature,,harness:random,smart-fuzzer/planning/FUNCTION_STATUS_MAP.md#harness_pending
FUNC.RANK,consistent,,2026-07-02,pre-20430 (20026..20326; per-row build in evidence),,,,"July map bit_exact_observed (array_rollup runs, no non-match; not a closure claim)",,,smart-fuzzer/planning/FUNCTION_STATUS_MAP.md#bit_exact_observed
FUNC.RANK.AVG,consistent,,2026-07-02,pre-20430 (20026..20326; per-row build in evidence),,,,"July map bit_exact_observed (array_rollup runs, no non-match; not a closure claim)",,,smart-fuzzer/planning/FUNCTION_STATUS_MAP.md#bit_exact_observed
FUNC.RANK.EQ,consistent,,2026-07-02,pre-20430 (20026..20326; per-row build in evidence),,,,"July map bit_exact_observed (array_rollup runs, no non-match; not a closure claim)",,,smart-fuzzer/planning/FUNCTION_STATUS_MAP.md#bit_exact_observed
FUNC.RATE,divergent,numeric,2026-09-15,pre-20430 (20026..20326; per-row build in evidence),,,586,July numeric_drift_open via BUG-FUNC-009; streams now validated_local (fix not re-judged live): re-judge in W111-6; catalog G6-05: best 2/256; mortgage witness 586 ULP; nper=1 wall,,wall:irr-rate-solver,smart-fuzzer/planning/FUNCTION_STATUS_MAP.md#numeric_drift_open;BUG_STREAM_REGISTER:BUG-FUNC-009;docs/OXFUNC_EXCEL_DISCREPANCY_CATALOG.md#G6-05;docs/function-lane/W109_WALL_CLUES_LEDGER.md
FUNC.RECEIVED,divergent,numeric,2026-09-25,20430,2400,2234,53,"W111 G8-05 YEARFRAC basis-1 fix and first live judging of the shared day-count users, two fresh corpora: 2234/2400 on build 20430, misses {'last_bit': 155, 'numeric': 11}; was consistent; earlier: July map bit_exact_observed (array_rollup runs, no non-match; not a closure claim)",,,docs/function-lane/evidence/w111-g8-yearfrac-20260925/misses.json;smart-fuzzer/planning/FUNCTION_STATUS_MAP.md#bit_exact_observed
FUNC.REDUCE,unverified,,,,,,,July excluded: callable (lambda) argument,,harness:lambda,smart-fuzzer/planning/FUNCTION_STATUS_MAP.md#excluded
FUNC.REGEXEXTRACT,consistent,,2026-07-02,pre-20430 (20026..20326; per-row build in evidence),,,,"July map bit_exact_observed (array_rollup runs, no non-match; not a closure claim)",,,smart-fuzzer/planning/FUNCTION_STATUS_MAP.md#bit_exact_observed
FUNC.REGEXREPLACE,consistent,,2026-07-02,pre-20430 (20026..20326; per-row build in evidence),,,,"July map bit_exact_observed (array_rollup runs, no non-match; not a closure claim)",,,smart-fuzzer/planning/FUNCTION_STATUS_MAP.md#bit_exact_observed
FUNC.REGEXTEST,consistent,,2026-07-02,pre-20430 (20026..20326; per-row build in evidence),,,,"July map bit_exact_observed (array_rollup runs, no non-match; not a closure claim)",,,smart-fuzzer/planning/FUNCTION_STATUS_MAP.md#bit_exact_observed
FUNC.REGISTER.ID,unverified,,,,,,,July excluded: host: external DLL registration,,,smart-fuzzer/planning/FUNCTION_STATUS_MAP.md#excluded
FUNC.REPLACE,consistent,,2026-07-02,pre-20430 (20026..20326; per-row build in evidence),,,,"July map bit_exact_observed (array_rollup runs, no non-match; not a closure claim)",,,smart-fuzzer/planning/FUNCTION_STATUS_MAP.md#bit_exact_observed
FUNC.REPLACEB,consistent,,2026-07-02,pre-20430 (20026..20326; per-row build in evidence),,,,"July map bit_exact_observed (array_rollup runs, no non-match; not a closure claim)",,,smart-fuzzer/planning/FUNCTION_STATUS_MAP.md#bit_exact_observed
FUNC.REPT,consistent,,2026-07-02,pre-20430 (20026..20326; per-row build in evidence),,,,"July map bit_exact_observed (array_rollup runs, no non-match; not a closure claim)",,,smart-fuzzer/planning/FUNCTION_STATUS_MAP.md#bit_exact_observed
FUNC.RIGHT,consistent,,2026-07-02,pre-20430 (20026..20326; per-row build in evidence),,,,"July map bit_exact_observed (array_rollup runs, no non-match; not a closure claim)",,,smart-fuzzer/planning/FUNCTION_STATUS_MAP.md#bit_exact_observed
FUNC.RIGHTB,consistent,,2026-07-02,pre-20430 (20026..20326; per-row build in evidence),,,,"July map bit_exact_observed (array_rollup runs, no non-match; not a closure claim)",,,smart-fuzzer/planning/FUNCTION_STATUS_MAP.md#bit_exact_observed
FUNC.ROMAN,consistent,,2026-07-02,pre-20430 (20026..20326; per-row build in evidence),,,,July structural_bug_open via BUG-FUNC-028; streams now closed_signed_off,,,smart-fuzzer/planning/FUNCTION_STATUS_MAP.md#structural_bug_open;BUG_STREAM_REGISTER:BUG-FUNC-028
FUNC.ROUND,divergent,gross,2026-09-25,20430,611,604,180143985094819,"W111 ROUND half-way probe (611 rows): 604/611 on build 20430, misses {'gross': 7}; was consistent; earlier: July map bit_exact_observed (array_rollup runs, no non-match; not a closure claim)",,,docs/function-lane/evidence/w111-round-probe-20260925/misses.json;smart-fuzzer/planning/FUNCTION_STATUS_MAP.md#bit_exact_observed
FUNC.ROUNDDOWN,consistent,,2026-07-02,pre-20430 (20026..20326; per-row build in evidence),,,,"July map bit_exact_observed (array_rollup runs, no non-match; not a closure claim)",,,smart-fuzzer/planning/FUNCTION_STATUS_MAP.md#bit_exact_observed
FUNC.ROUNDUP,consistent,,2026-07-02,pre-20430 (20026..20326; per-row build in evidence),,,,"July map bit_exact_observed (array_rollup runs, no non-match; not a closure claim)",,,smart-fuzzer/planning/FUNCTION_STATUS_MAP.md#bit_exact_observed
FUNC.ROW,consistent,,2026-07-02,pre-20430 (20026..20326; per-row build in evidence),,,,"July map bit_exact_observed (array_rollup runs, no non-match; not a closure claim)",,,smart-fuzzer/planning/FUNCTION_STATUS_MAP.md#bit_exact_observed
FUNC.ROWS,consistent,,2026-07-02,pre-20430 (20026..20326; per-row build in evidence),,,,"July map bit_exact_observed (array_rollup runs, no non-match; not a closure claim)",,,smart-fuzzer/planning/FUNCTION_STATUS_MAP.md#bit_exact_observed
FUNC.RRI,divergent,unmeasured,2026-08-20,pre-20430 (20026..20326; per-row build in evidence),,,,"July map bit_exact_observed (array_rollup runs, no non-match; not a closure claim); conflict: July map said consistent, stock take says divergent; stock take wins; 5536/5536 on the kernel corpus; RRI vs POWER 5/6 (W111-10)",,,smart-fuzzer/planning/FUNCTION_STATUS_MAP.md#bit_exact_observed;docs/function-lane/BIT_EXACT_STOCK_TAKE_20260922.md
FUNC.RSQ,consistent,,2026-07-02,pre-20430 (20026..20326; per-row build in evidence),,,,"July map bit_exact_observed (array_rollup runs, no non-match; not a closure claim)",,,smart-fuzzer/planning/FUNCTION_STATUS_MAP.md#bit_exact_observed
FUNC.RTD,unverified,,,,,,,July excluded: host: real-time data provider,,,smart-fuzzer/planning/FUNCTION_STATUS_MAP.md#excluded
FUNC.SCAN,unverified,,,,,,,July excluded: callable (lambda) argument,,harness:lambda,smart-fuzzer/planning/FUNCTION_STATUS_MAP.md#excluded
FUNC.SEARCH,consistent,,2026-07-02,pre-20430 (20026..20326; per-row build in evidence),,,,"July map bit_exact_observed (array_rollup runs, no non-match; not a closure claim)",,,smart-fuzzer/planning/FUNCTION_STATUS_MAP.md#bit_exact_observed
FUNC.SEARCHB,consistent,,2026-07-02,pre-20430 (20026..20326; per-row build in evidence),,,,"July map bit_exact_observed (array_rollup runs, no non-match; not a closure claim)",,,smart-fuzzer/planning/FUNCTION_STATUS_MAP.md#bit_exact_observed
FUNC.SEC,consistent,,2026-09-12,pre-20430 (20026..20326; per-row build in evidence),8,8,0,"July numeric_drift_open via BUG-FUNC-027; stream status open; conflict: July map said divergent, stock take says consistent; stock take wins; small corpus",,,smart-fuzzer/planning/FUNCTION_STATUS_MAP.md#numeric_drift_open;BUG_STREAM_REGISTER:BUG-FUNC-027;docs/function-lane/BIT_EXACT_STOCK_TAKE_20260922.md
FUNC.SECH,consistent,,2026-09-12,pre-20430 (20026..20326; per-row build in evidence),40,40,0,"July numeric_drift_open via BUG-FUNC-027; stream status open; conflict: July map said divergent, stock take says consistent; stock take wins",,,smart-fuzzer/planning/FUNCTION_STATUS_MAP.md#numeric_drift_open;BUG_STREAM_REGISTER:BUG-FUNC-027;docs/function-lane/BIT_EXACT_STOCK_TAKE_20260922.md
FUNC.SECOND,consistent,,2026-07-02,pre-20430 (20026..20326; per-row build in evidence),,,,"July map bit_exact_observed (array_rollup runs, no non-match; not a closure claim)",,,smart-fuzzer/planning/FUNCTION_STATUS_MAP.md#bit_exact_observed
FUNC.SEQUENCE,consistent,,2026-07-02,pre-20430 (20026..20326; per-row build in evidence),,,,"July map bit_exact_observed (array_rollup runs, no non-match; not a closure claim)",,,smart-fuzzer/planning/FUNCTION_STATUS_MAP.md#bit_exact_observed
FUNC.SERIESSUM,consistent,,2026-07-02,pre-20430 (20026..20326; per-row build in evidence),,,,"July map bit_exact_observed (array_rollup runs, no non-match; not a closure claim)",,,smart-fuzzer/planning/FUNCTION_STATUS_MAP.md#bit_exact_observed
FUNC.SHEET,unverified,,,,,,,July harness_pending: sheet-identity host context: OxCalc integration lane,,harness:workbook,smart-fuzzer/planning/FUNCTION_STATUS_MAP.md#harness_pending
FUNC.SHEETS,unverified,,,,,,,July harness_pending: workbook/sheet host context: OxCalc integration lane,,harness:workbook,smart-fuzzer/planning/FUNCTION_STATUS_MAP.md#harness_pending
FUNC.SIGN,consistent,,2026-07-02,pre-20430 (20026..20326; per-row build in evidence),,,,"July map bit_exact_observed (array_rollup runs, no non-match; not a closure claim)",,,smart-fuzzer/planning/FUNCTION_STATUS_MAP.md#bit_exact_observed
FUNC.SIN,consistent,,2026-09-12,pre-20430 (20026..20326; per-row build in evidence),1020,1020,0,"July numeric_drift_open via BUG-FUNC-027; stream status open; conflict: July map said divergent, stock take says consistent; stock take wins; held-out fFSIN; trig reduction G4-01 5425/5425; characterized-candidate",,,smart-fuzzer/planning/FUNCTION_STATUS_MAP.md#numeric_drift_open;BUG_STREAM_REGISTER:BUG-FUNC-027;docs/function-lane/BIT_EXACT_STOCK_TAKE_20260922.md
FUNC.SINH,consistent,,2026-09-12,pre-20430 (20026..20326; per-row build in evidence),37,37,0,"July numeric_drift_open via BUG-FUNC-027; stream status open; conflict: July map said divergent, stock take says consistent; stock take wins",,,smart-fuzzer/planning/FUNCTION_STATUS_MAP.md#numeric_drift_open;BUG_STREAM_REGISTER:BUG-FUNC-027;docs/function-lane/BIT_EXACT_STOCK_TAKE_20260922.md
FUNC.SKEW,divergent,last_bit,2026-09-24,20430,1504,1060,3,"W111-5 fresh corpus 2026-09-24 on build 20430 (smart-fuzzer/tools/w111/gen_w111_5_batches.py seed 20260924): 1060/1504, misses {'last_bit': 444}; was unverified; earlier: July numeric_drift_open via BUG-FUNC-021; stream status open; conflict: July map said divergent, stock take says unverified; stock take wins; 0% in runs, untriaged: check the array route before calling it Divergent (W111-5)",,,docs/function-lane/evidence/w111-5-20260924/misses.json;smart-fuzzer/planning/FUNCTION_STATUS_MAP.md#numeric_drift_open;BUG_STREAM_REGISTER:BUG-FUNC-021;docs/function-lane/BIT_EXACT_STOCK_TAKE_20260922.md
FUNC.SKEW.P,divergent,unmeasured,2026-05-04,pre-20430 (20026..20326; per-row build in evidence),,,,July numeric_drift_open via BUG-FUNC-021; stream status open,,,smart-fuzzer/planning/FUNCTION_STATUS_MAP.md#numeric_drift_open;BUG_STREAM_REGISTER:BUG-FUNC-021
FUNC.SLN,consistent,,2026-07-02,pre-20430 (20026..20326; per-row build in evidence),,,,"July map bit_exact_observed (array_rollup runs, no non-match; not a closure claim)",,,smart-fuzzer/planning/FUNCTION_STATUS_MAP.md#bit_exact_observed
FUNC.SLOPE,consistent,,2026-07-12,pre-20430 (20026..20326; per-row build in evidence),4,4,0,"July map bit_exact_observed (array_rollup runs, no non-match; not a closure claim); small corpus",,,smart-fuzzer/planning/FUNCTION_STATUS_MAP.md#bit_exact_observed;docs/function-lane/BIT_EXACT_STOCK_TAKE_20260922.md
FUNC.SMALL,consistent,,2026-07-02,pre-20430 (20026..20326; per-row build in evidence),,,,"July map bit_exact_observed (array_rollup runs, no non-match; not a closure claim)",,,smart-fuzzer/planning/FUNCTION_STATUS_MAP.md#bit_exact_observed
FUNC.SORT,consistent,,2026-07-02,pre-20430 (20026..20326; per-row build in evidence),,,,"July map bit_exact_observed (array_rollup runs, no non-match; not a closure claim)",,,smart-fuzzer/planning/FUNCTION_STATUS_MAP.md#bit_exact_observed
FUNC.SORTBY,consistent,,2026-07-02,pre-20430 (20026..20326; per-row build in evidence),,,,"July map bit_exact_observed (array_rollup runs, no non-match; not a closure claim)",,,smart-fuzzer/planning/FUNCTION_STATUS_MAP.md#bit_exact_observed
FUNC.SQRT,consistent,,2026-07-02,pre-20430 (20026..20326; per-row build in evidence),,,,"July map bit_exact_observed (array_rollup runs, no non-match; not a closure claim)",,,smart-fuzzer/planning/FUNCTION_STATUS_MAP.md#bit_exact_observed
FUNC.SQRTPI,consistent,,2026-09-12,pre-20430 (20026..20326; per-row build in evidence),,,,"July structural_bug_open via BUG-FUNC-028; streams now closed_signed_off; pow(n*pi, 0.5) landed",,,smart-fuzzer/planning/FUNCTION_STATUS_MAP.md#structural_bug_open;BUG_STREAM_REGISTER:BUG-FUNC-028;docs/function-lane/BIT_EXACT_STOCK_TAKE_20260922.md
FUNC.STANDARDIZE,consistent,,2026-07-02,pre-20430 (20026..20326; per-row build in evidence),,,,July structural_bug_open via BUG-FUNC-028; streams now closed_signed_off,,,smart-fuzzer/planning/FUNCTION_STATUS_MAP.md#structural_bug_open;BUG_STREAM_REGISTER:BUG-FUNC-028
FUNC.STDEV,consistent,,2026-07-02,pre-20430 (20026..20326; per-row build in evidence),,,,"July map bit_exact_observed (array_rollup runs, no non-match; not a closure claim)",,,smart-fuzzer/planning/FUNCTION_STATUS_MAP.md#bit_exact_observed
FUNC.STDEV.P,consistent,,2026-07-02,pre-20430 (20026..20326; per-row build in evidence),,,,"July map bit_exact_observed (array_rollup runs, no non-match; not a closure claim)",,,smart-fuzzer/planning/FUNCTION_STATUS_MAP.md#bit_exact_observed
FUNC.STDEV.S,consistent,,2026-07-02,pre-20430 (20026..20326; per-row build in evidence),,,,"July map bit_exact_observed (array_rollup runs, no non-match; not a closure claim)",,,smart-fuzzer/planning/FUNCTION_STATUS_MAP.md#bit_exact_observed
FUNC.STDEVA,consistent,,2026-07-02,pre-20430 (20026..20326; per-row build in evidence),,,,"July map bit_exact_observed (array_rollup runs, no non-match; not a closure claim)",,,smart-fuzzer/planning/FUNCTION_STATUS_MAP.md#bit_exact_observed
FUNC.STDEVP,consistent,,2026-07-02,pre-20430 (20026..20326; per-row build in evidence),,,,"July map bit_exact_observed (array_rollup runs, no non-match; not a closure claim)",,,smart-fuzzer/planning/FUNCTION_STATUS_MAP.md#bit_exact_observed
FUNC.STDEVPA,consistent,,2026-07-02,pre-20430 (20026..20326; per-row build in evidence),,,,"July map bit_exact_observed (array_rollup runs, no non-match; not a closure claim)",,,smart-fuzzer/planning/FUNCTION_STATUS_MAP.md#bit_exact_observed
FUNC.STEYX,consistent,,2026-07-02,pre-20430 (20026..20326; per-row build in evidence),,,,"July map bit_exact_observed (array_rollup runs, no non-match; not a closure claim)",,,smart-fuzzer/planning/FUNCTION_STATUS_MAP.md#bit_exact_observed
FUNC.SUBSTITUTE,consistent,,2026-07-02,pre-20430 (20026..20326; per-row build in evidence),,,,"July map bit_exact_observed (array_rollup runs, no non-match; not a closure claim)",,,smart-fuzzer/planning/FUNCTION_STATUS_MAP.md#bit_exact_observed
FUNC.SUBTOTAL,unverified,,,,,,,July harness_pending: AggregateReferenceContext host info: OxCalc integration lane,,harness:workbook,smart-fuzzer/planning/FUNCTION_STATUS_MAP.md#harness_pending
FUNC.SUM,consistent,,2026-07-02,pre-20430 (20026..20326; per-row build in evidence),,,,"July map bit_exact_observed (array_rollup runs, no non-match; not a closure claim)",,,smart-fuzzer/planning/FUNCTION_STATUS_MAP.md#bit_exact_observed
FUNC.SUMIF,unverified,,,,,,,July structural_bug_open via BUG-FUNC-004; streams now validated_local (fix not re-judged live): re-judge in W111-6,,,smart-fuzzer/planning/FUNCTION_STATUS_MAP.md#structural_bug_open;BUG_STREAM_REGISTER:BUG-FUNC-004
FUNC.SUMIFS,unverified,,,,,,,July structural_bug_open via BUG-FUNC-004; streams now validated_local (fix not re-judged live): re-judge in W111-6,,,smart-fuzzer/planning/FUNCTION_STATUS_MAP.md#structural_bug_open;BUG_STREAM_REGISTER:BUG-FUNC-004
FUNC.SUMPRODUCT,consistent,,2026-07-02,pre-20430 (20026..20326; per-row build in evidence),,,,"July map bit_exact_observed (array_rollup runs, no non-match; not a closure claim)",,,smart-fuzzer/planning/FUNCTION_STATUS_MAP.md#bit_exact_observed
FUNC.SUMSQ,consistent,,2026-07-02,pre-20430 (20026..20326; per-row build in evidence),,,,"July map bit_exact_observed (array_rollup runs, no non-match; not a closure claim)",,,smart-fuzzer/planning/FUNCTION_STATUS_MAP.md#bit_exact_observed
FUNC.SUMX2MY2,consistent,,2026-07-02,pre-20430 (20026..20326; per-row build in evidence),,,,"July map bit_exact_observed (array_rollup runs, no non-match; not a closure claim)",,,smart-fuzzer/planning/FUNCTION_STATUS_MAP.md#bit_exact_observed
FUNC.SUMX2PY2,consistent,,2026-07-02,pre-20430 (20026..20326; per-row build in evidence),,,,"July map bit_exact_observed (array_rollup runs, no non-match; not a closure claim)",,,smart-fuzzer/planning/FUNCTION_STATUS_MAP.md#bit_exact_observed
FUNC.SUMXMY2,consistent,,2026-07-02,pre-20430 (20026..20326; per-row build in evidence),,,,"July map bit_exact_observed (array_rollup runs, no non-match; not a closure claim)",,,smart-fuzzer/planning/FUNCTION_STATUS_MAP.md#bit_exact_observed
FUNC.SWITCH,unverified,,,,,,,"July structural_bug_open via BUG-FUNC-004,BUG-FUNC-018; streams now validated_local (fix not re-judged live): re-judge in W111-6",,,smart-fuzzer/planning/FUNCTION_STATUS_MAP.md#structural_bug_open;BUG_STREAM_REGISTER:BUG-FUNC-004;BUG_STREAM_REGISTER:BUG-FUNC-018
FUNC.SYD,consistent,,2026-07-02,pre-20430 (20026..20326; per-row build in evidence),,,,"July map bit_exact_observed (array_rollup runs, no non-match; not a closure claim)",,,smart-fuzzer/planning/FUNCTION_STATUS_MAP.md#bit_exact_observed
FUNC.T,consistent,,2026-07-02,pre-20430 (20026..20326; per-row build in evidence),,,,"July map bit_exact_observed (array_rollup runs, no non-match; not a closure claim)",,,smart-fuzzer/planning/FUNCTION_STATUS_MAP.md#bit_exact_observed
FUNC.T.DIST,divergent,numeric,2026-09-12,pre-20430 (20026..20326; per-row build in evidence),,,9,July numeric_drift_open via BUG-FUNC-021; stream status open; df=1 and df=2 PDFs exact; CDFs 46/75 (df=2); earlier scores invalid (broken COM ULP helper),,wall:bgrat,smart-fuzzer/planning/FUNCTION_STATUS_MAP.md#numeric_drift_open;BUG_STREAM_REGISTER:BUG-FUNC-021;docs/function-lane/BIT_EXACT_STOCK_TAKE_20260922.md;docs/function-lane/W109_WALL_CLUES_LEDGER.md
FUNC.T.DIST.2T,divergent,numeric,2026-09-12,pre-20430 (20026..20326; per-row build in evidence),,,9,"July numeric_drift_open via BUG-FUNC-021; stream status open; T.DIST.2T(1,1) 9 ULP",,wall:bgrat,smart-fuzzer/planning/FUNCTION_STATUS_MAP.md#numeric_drift_open;BUG_STREAM_REGISTER:BUG-FUNC-021;docs/function-lane/BIT_EXACT_STOCK_TAKE_20260922.md;docs/function-lane/W109_WALL_CLUES_LEDGER.md
FUNC.T.DIST.RT,divergent,unmeasured,2026-09-12,pre-20430 (20026..20326; per-row build in evidence),,,,July numeric_drift_open via BUG-FUNC-021; stream status open; CDF family,,wall:bgrat,smart-fuzzer/planning/FUNCTION_STATUS_MAP.md#numeric_drift_open;BUG_STREAM_REGISTER:BUG-FUNC-021;docs/function-lane/BIT_EXACT_STOCK_TAKE_20260922.md;docs/function-lane/W109_WALL_CLUES_LEDGER.md
FUNC.T.INV,divergent,unmeasured,2026-09-12,pre-20430 (20026..20326; per-row build in evidence),,,,July numeric_drift_open via BUG-FUNC-021; stream status open; blocked on BETA.INV last bit; code comment 135/135 treated as unverified,,wall:bgrat,smart-fuzzer/planning/FUNCTION_STATUS_MAP.md#numeric_drift_open;BUG_STREAM_REGISTER:BUG-FUNC-021;docs/function-lane/BIT_EXACT_STOCK_TAKE_20260922.md;docs/function-lane/W109_WALL_CLUES_LEDGER.md
FUNC.T.INV.2T,divergent,unmeasured,2026-09-12,pre-20430 (20026..20326; per-row build in evidence),,,,July numeric_drift_open via BUG-FUNC-021; stream status open; df=1 9/9 exact; df>=2 blocked on BETA.INV,,wall:bgrat,smart-fuzzer/planning/FUNCTION_STATUS_MAP.md#numeric_drift_open;BUG_STREAM_REGISTER:BUG-FUNC-021;docs/function-lane/BIT_EXACT_STOCK_TAKE_20260922.md;docs/function-lane/W109_WALL_CLUES_LEDGER.md
FUNC.T.TEST,consistent,,2026-07-02,pre-20430 (20026..20326; per-row build in evidence),,,,"July map bit_exact_observed (array_rollup runs, no non-match; not a closure claim)",,,smart-fuzzer/planning/FUNCTION_STATUS_MAP.md#bit_exact_observed
FUNC.TAKE,unverified,,,,,,,July structural_bug_open via BUG-FUNC-026; streams now handed_off (fix not re-judged live): re-judge in W111-6,,,smart-fuzzer/planning/FUNCTION_STATUS_MAP.md#structural_bug_open;BUG_STREAM_REGISTER:BUG-FUNC-026
FUNC.TAN,consistent,,2026-09-12,pre-20430 (20026..20326; per-row build in evidence),1020,1020,0,"July numeric_drift_open via BUG-FUNC-027; stream status open; conflict: July map said divergent, stock take says consistent; stock take wins; characterized-candidate",,,smart-fuzzer/planning/FUNCTION_STATUS_MAP.md#numeric_drift_open;BUG_STREAM_REGISTER:BUG-FUNC-027;docs/function-lane/BIT_EXACT_STOCK_TAKE_20260922.md
FUNC.TANH,divergent,unmeasured,2026-09-12,pre-20430 (20026..20326; per-row build in evidence),11,8,,July numeric_drift_open via BUG-FUNC-027; stream status open; honest 8/11,,,smart-fuzzer/planning/FUNCTION_STATUS_MAP.md#numeric_drift_open;BUG_STREAM_REGISTER:BUG-FUNC-027;docs/function-lane/BIT_EXACT_STOCK_TAKE_20260922.md
FUNC.TBILLEQ,divergent,numeric,2026-09-25,20430,2400,2399,71,"W111 G8-01/02/03 fixes, two fresh corpora (seeds 20260924, 20260925): 2399/2400 on build 20430, misses {'numeric': 1}; was divergent/gross; earlier: W111-5 fresh corpus 2026-09-24 on build 20430 (smart-fuzzer/tools/w111/gen_w111_5_batches.py seed 20260924): 833/1200, misses {'gross': 367}; was unverified; earlier: July structural_bug_open via BUG-FUNC-028; streams now closed_signed_off; conflict: July map said consistent, stock take says unverified; stock take wins; W111-5",,,docs/function-lane/evidence/w111-g8-dollar-tbill-20260925/misses.json;docs/function-lane/evidence/w111-5-20260924/misses.json;smart-fuzzer/planning/FUNCTION_STATUS_MAP.md#structural_bug_open;BUG_STREAM_REGISTER:BUG-FUNC-028;docs/function-lane/BIT_EXACT_STOCK_TAKE_20260922.md
FUNC.TBILLPRICE,consistent,,2026-09-25,20430,2400,2400,0,"W111 G8-01/02/03 fixes, two fresh corpora (seeds 20260924, 20260925): 2400/2400 on build 20430, all rows agree; was divergent/structural; earlier: W111-5 fresh corpus 2026-09-24 on build 20430 (smart-fuzzer/tools/w111/gen_w111_5_batches.py seed 20260924): 1186/1200, misses {'structural': 14}; was unverified; earlier: July structural_bug_open via BUG-FUNC-028; streams now closed_signed_off; conflict: July map said consistent, stock take says unverified; stock take wins; W111-5",,,docs/function-lane/evidence/w111-g8-dollar-tbill-20260925/misses.json;docs/function-lane/evidence/w111-5-20260924/misses.json;smart-fuzzer/planning/FUNCTION_STATUS_MAP.md#structural_bug_open;BUG_STREAM_REGISTER:BUG-FUNC-028;docs/function-lane/BIT_EXACT_STOCK_TAKE_20260922.md
FUNC.TBILLYIELD,divergent,last_bit,2026-09-25,20430,2400,2399,2,"W111 G8-01/02/03 fixes, two fresh corpora (seeds 20260924, 20260925): 2399/2400 on build 20430, misses {'last_bit': 1}; was consistent; earlier: July structural_bug_open via BUG-FUNC-028; streams now closed_signed_off; fitted matrix, not held-out",,,docs/function-lane/evidence/w111-g8-dollar-tbill-20260925/misses.json;smart-fuzzer/planning/FUNCTION_STATUS_MAP.md#structural_bug_open;BUG_STREAM_REGISTER:BUG-FUNC-028;docs/function-lane/BIT_EXACT_STOCK_TAKE_20260922.md
FUNC.TDIST,divergent,unmeasured,2026-09-15,pre-20430 (20026..20326; per-row build in evidence),,,,July numeric_drift_open via BUG-FUNC-021; stream status open; catalog G3-01: legacy distribution family; bodies on ERFC / bgrat / private PMF walls,,wall:bgrat,smart-fuzzer/planning/FUNCTION_STATUS_MAP.md#numeric_drift_open;BUG_STREAM_REGISTER:BUG-FUNC-021;docs/OXFUNC_EXCEL_DISCREPANCY_CATALOG.md#G3-01;docs/function-lane/W109_WALL_CLUES_LEDGER.md
FUNC.TEXT,unverified,,,,,,,"July structural_bug_open via BUG-FUNC-028; streams now closed_signed_off; conflict: July map said consistent, stock take says unverified; stock take wins; Cat-1 locale seam; July runs returned #VALUE! at the seam (TEXT 0/78); judge under a pinned locale (W111-11)",,harness:locale,smart-fuzzer/planning/FUNCTION_STATUS_MAP.md#structural_bug_open;BUG_STREAM_REGISTER:BUG-FUNC-028;docs/function-lane/BIT_EXACT_STOCK_TAKE_20260922.md
FUNC.TEXTAFTER,consistent,,2026-07-02,pre-20430 (20026..20326; per-row build in evidence),,,,"July map bit_exact_observed (array_rollup runs, no non-match; not a closure claim)",,,smart-fuzzer/planning/FUNCTION_STATUS_MAP.md#bit_exact_observed
FUNC.TEXTBEFORE,consistent,,2026-07-02,pre-20430 (20026..20326; per-row build in evidence),,,,"July map bit_exact_observed (array_rollup runs, no non-match; not a closure claim)",,,smart-fuzzer/planning/FUNCTION_STATUS_MAP.md#bit_exact_observed
FUNC.TEXTJOIN,consistent,,2026-07-02,pre-20430 (20026..20326; per-row build in evidence),,,,"July map bit_exact_observed (array_rollup runs, no non-match; not a closure claim)",,,smart-fuzzer/planning/FUNCTION_STATUS_MAP.md#bit_exact_observed
FUNC.TEXTSPLIT,consistent,,2026-07-02,pre-20430 (20026..20326; per-row build in evidence),,,,"July map bit_exact_observed (array_rollup runs, no non-match; not a closure claim)",,,smart-fuzzer/planning/FUNCTION_STATUS_MAP.md#bit_exact_observed
FUNC.TIME,consistent,,2026-07-02,pre-20430 (20026..20326; per-row build in evidence),,,,"July map bit_exact_observed (array_rollup runs, no non-match; not a closure claim)",,,smart-fuzzer/planning/FUNCTION_STATUS_MAP.md#bit_exact_observed
FUNC.TIMEVALUE,unverified,,,,,,,"July structural_bug_open via BUG-FUNC-028; streams now closed_signed_off; conflict: July map said consistent, stock take says unverified; stock take wins; Cat-1 locale seam; July runs returned #VALUE! at the seam (TEXT 0/78); judge under a pinned locale (W111-11)",,harness:locale,smart-fuzzer/planning/FUNCTION_STATUS_MAP.md#structural_bug_open;BUG_STREAM_REGISTER:BUG-FUNC-028;docs/function-lane/BIT_EXACT_STOCK_TAKE_20260922.md
FUNC.TINV,divergent,unmeasured,2026-09-15,pre-20430 (20026..20326; per-row build in evidence),,,,July numeric_drift_open via BUG-FUNC-021; stream status open; catalog G3-01: legacy distribution family; bodies on ERFC / bgrat / private PMF walls,,wall:bgrat,smart-fuzzer/planning/FUNCTION_STATUS_MAP.md#numeric_drift_open;BUG_STREAM_REGISTER:BUG-FUNC-021;docs/OXFUNC_EXCEL_DISCREPANCY_CATALOG.md#G3-01;docs/function-lane/W109_WALL_CLUES_LEDGER.md
FUNC.TOCOL,consistent,,2026-07-02,pre-20430 (20026..20326; per-row build in evidence),,,,"July map bit_exact_observed (array_rollup runs, no non-match; not a closure claim)",,,smart-fuzzer/planning/FUNCTION_STATUS_MAP.md#bit_exact_observed
FUNC.TODAY,unverified,,,,,,,July excluded: volatile clock (TimeDependent),,harness:random,smart-fuzzer/planning/FUNCTION_STATUS_MAP.md#excluded
FUNC.TOROW,consistent,,2026-07-02,pre-20430 (20026..20326; per-row build in evidence),,,,"July map bit_exact_observed (array_rollup runs, no non-match; not a closure claim)",,,smart-fuzzer/planning/FUNCTION_STATUS_MAP.md#bit_exact_observed
FUNC.TRANSLATE,unverified,,,,,,,July deferred; in scope unless CUBE*/WEBSERVICE/STOCKHISTORY,,,smart-fuzzer/planning/FUNCTION_STATUS_MAP.md#deferred
FUNC.TRANSPOSE,consistent,,2026-07-02,pre-20430 (20026..20326; per-row build in evidence),,,,"July map bit_exact_observed (array_rollup runs, no non-match; not a closure claim)",,,smart-fuzzer/planning/FUNCTION_STATUS_MAP.md#bit_exact_observed
FUNC.TREND,divergent,unmeasured,2026-09-15,pre-20430 (20026..20326; per-row build in evidence),,,,"July mixed_or_open: genuine non-match rows, no linked stream, untriaged (W111-6); catalog G3-03: coefficient graph open; FORECAST closed out of this row",,,smart-fuzzer/planning/FUNCTION_STATUS_MAP.md#mixed_or_open;docs/OXFUNC_EXCEL_DISCREPANCY_CATALOG.md#G3-03
FUNC.TRIM,consistent,,2026-07-02,pre-20430 (20026..20326; per-row build in evidence),,,,"July map bit_exact_observed (array_rollup runs, no non-match; not a closure claim)",,,smart-fuzzer/planning/FUNCTION_STATUS_MAP.md#bit_exact_observed
FUNC.TRIMMEAN,consistent,,2026-07-02,pre-20430 (20026..20326; per-row build in evidence),,,,"July map bit_exact_observed (array_rollup runs, no non-match; not a closure claim)",,,smart-fuzzer/planning/FUNCTION_STATUS_MAP.md#bit_exact_observed
FUNC.TRIMRANGE,divergent,unmeasured,2026-05-28,pre-20430 (20026..20326; per-row build in evidence),,,,"July mixed_or_open: genuine non-match rows, no linked stream, untriaged (W111-6)",,,smart-fuzzer/planning/FUNCTION_STATUS_MAP.md#mixed_or_open
FUNC.TRUE,consistent,,2026-07-02,pre-20430 (20026..20326; per-row build in evidence),,,,"July map bit_exact_observed (array_rollup runs, no non-match; not a closure claim)",,,smart-fuzzer/planning/FUNCTION_STATUS_MAP.md#bit_exact_observed
FUNC.TRUNC,consistent,,2026-07-02,pre-20430 (20026..20326; per-row build in evidence),,,,"July map bit_exact_observed (array_rollup runs, no non-match; not a closure claim)",,,smart-fuzzer/planning/FUNCTION_STATUS_MAP.md#bit_exact_observed
FUNC.TTEST,consistent,,2026-07-02,pre-20430 (20026..20326; per-row build in evidence),,,,"July map bit_exact_observed (array_rollup runs, no non-match; not a closure claim)",,,smart-fuzzer/planning/FUNCTION_STATUS_MAP.md#bit_exact_observed
FUNC.TYPE,consistent,,2026-07-02,pre-20430 (20026..20326; per-row build in evidence),,,,"July map bit_exact_observed (array_rollup runs, no non-match; not a closure claim)",,,smart-fuzzer/planning/FUNCTION_STATUS_MAP.md#bit_exact_observed
FUNC.UNICHAR,consistent,,2026-07-02,pre-20430 (20026..20326; per-row build in evidence),,,,"July map bit_exact_observed (array_rollup runs, no non-match; not a closure claim)",,,smart-fuzzer/planning/FUNCTION_STATUS_MAP.md#bit_exact_observed
FUNC.UNICODE,consistent,,2026-07-02,pre-20430 (20026..20326; per-row build in evidence),,,,July structural_bug_open via BUG-FUNC-028; streams now closed_signed_off,,,smart-fuzzer/planning/FUNCTION_STATUS_MAP.md#structural_bug_open;BUG_STREAM_REGISTER:BUG-FUNC-028
FUNC.UNIQUE,consistent,,2026-07-02,pre-20430 (20026..20326; per-row build in evidence),,,,"July map bit_exact_observed (array_rollup runs, no non-match; not a closure claim)",,,smart-fuzzer/planning/FUNCTION_STATUS_MAP.md#bit_exact_observed
FUNC.UPPER,consistent,,2026-07-02,pre-20430 (20026..20326; per-row build in evidence),,,,"July map bit_exact_observed (array_rollup runs, no non-match; not a closure claim)",,,smart-fuzzer/planning/FUNCTION_STATUS_MAP.md#bit_exact_observed
FUNC.VALUE,unverified,,,,,,,"July structural_bug_open via BUG-FUNC-028; streams now closed_signed_off; conflict: July map said consistent, stock take says unverified; stock take wins; Cat-1 locale seam; July runs returned #VALUE! at the seam (TEXT 0/78); judge under a pinned locale (W111-11)",,harness:locale,smart-fuzzer/planning/FUNCTION_STATUS_MAP.md#structural_bug_open;BUG_STREAM_REGISTER:BUG-FUNC-028;docs/function-lane/BIT_EXACT_STOCK_TAKE_20260922.md
FUNC.VALUETOTEXT,consistent,,2026-07-02,pre-20430 (20026..20326; per-row build in evidence),,,,"July map bit_exact_observed (array_rollup runs, no non-match; not a closure claim)",,,smart-fuzzer/planning/FUNCTION_STATUS_MAP.md#bit_exact_observed
FUNC.VAR,consistent,,2026-07-02,pre-20430 (20026..20326; per-row build in evidence),,,,"July map bit_exact_observed (array_rollup runs, no non-match; not a closure claim)",,,smart-fuzzer/planning/FUNCTION_STATUS_MAP.md#bit_exact_observed
FUNC.VAR.P,consistent,,2026-07-02,pre-20430 (20026..20326; per-row build in evidence),,,,"July map bit_exact_observed (array_rollup runs, no non-match; not a closure claim)",,,smart-fuzzer/planning/FUNCTION_STATUS_MAP.md#bit_exact_observed
FUNC.VAR.S,consistent,,2026-07-02,pre-20430 (20026..20326; per-row build in evidence),,,,"July map bit_exact_observed (array_rollup runs, no non-match; not a closure claim)",,,smart-fuzzer/planning/FUNCTION_STATUS_MAP.md#bit_exact_observed
FUNC.VARA,consistent,,2026-07-02,pre-20430 (20026..20326; per-row build in evidence),,,,"July map bit_exact_observed (array_rollup runs, no non-match; not a closure claim)",,,smart-fuzzer/planning/FUNCTION_STATUS_MAP.md#bit_exact_observed
FUNC.VARP,consistent,,2026-07-02,pre-20430 (20026..20326; per-row build in evidence),,,,"July map bit_exact_observed (array_rollup runs, no non-match; not a closure claim)",,,smart-fuzzer/planning/FUNCTION_STATUS_MAP.md#bit_exact_observed
FUNC.VARPA,consistent,,2026-07-02,pre-20430 (20026..20326; per-row build in evidence),,,,"July map bit_exact_observed (array_rollup runs, no non-match; not a closure claim)",,,smart-fuzzer/planning/FUNCTION_STATUS_MAP.md#bit_exact_observed
FUNC.VDB,consistent,,2026-07-02,pre-20430 (20026..20326; per-row build in evidence),,,,"July map bit_exact_observed (array_rollup runs, no non-match; not a closure claim)",,,smart-fuzzer/planning/FUNCTION_STATUS_MAP.md#bit_exact_observed
FUNC.VLOOKUP,consistent,,2026-07-02,pre-20430 (20026..20326; per-row build in evidence),,,,"July map bit_exact_observed (array_rollup runs, no non-match; not a closure claim)",,,smart-fuzzer/planning/FUNCTION_STATUS_MAP.md#bit_exact_observed
FUNC.VSTACK,consistent,,2026-07-02,pre-20430 (20026..20326; per-row build in evidence),,,,"July map bit_exact_observed (array_rollup runs, no non-match; not a closure claim)",,,smart-fuzzer/planning/FUNCTION_STATUS_MAP.md#bit_exact_observed
FUNC.WEEKDAY,consistent,,2026-07-02,pre-20430 (20026..20326; per-row build in evidence),,,,July structural_bug_open via BUG-FUNC-028; streams now closed_signed_off,,,smart-fuzzer/planning/FUNCTION_STATUS_MAP.md#structural_bug_open;BUG_STREAM_REGISTER:BUG-FUNC-028
FUNC.WEEKNUM,consistent,,2026-07-02,pre-20430 (20026..20326; per-row build in evidence),,,,July structural_bug_open via BUG-FUNC-028; streams now closed_signed_off,,,smart-fuzzer/planning/FUNCTION_STATUS_MAP.md#structural_bug_open;BUG_STREAM_REGISTER:BUG-FUNC-028
FUNC.WEIBULL,consistent,,2026-07-02,pre-20430 (20026..20326; per-row build in evidence),,,,"July map bit_exact_observed (array_rollup runs, no non-match; not a closure claim)",,,smart-fuzzer/planning/FUNCTION_STATUS_MAP.md#bit_exact_observed
FUNC.WEIBULL.DIST,divergent,last_bit,2026-07-20,pre-20430 (20026..20326; per-row build in evidence),6000,5999,1,"July map bit_exact_observed (array_rollup runs, no non-match; not a closure claim); conflict: July map said consistent, stock take says divergent; stock take wins; one chain-microdetail +-1 miss (W109 wall-ledger 'Wall 1' class)",,,smart-fuzzer/planning/FUNCTION_STATUS_MAP.md#bit_exact_observed;docs/function-lane/BIT_EXACT_STOCK_TAKE_20260922.md
FUNC.WORKDAY,consistent,,2026-09-25,20430,2400,2400,0,"W111 G8-04 fix (days floored), two fresh corpora incl. fractional WORKDAY.INTL: 2400/2400 on build 20430, all rows agree; was divergent/gross; earlier: W111-5 fresh corpus 2026-09-24 on build 20430 (smart-fuzzer/tools/w111/gen_w111_5_batches.py seed 20260924): 1002/1200, misses {'gross': 198}; was unverified; earlier: July structural_bug_open via BUG-FUNC-028; streams now closed_signed_off; conflict: July map said consistent, stock take says unverified; stock take wins; historical aggregate only (W111-5)",,,docs/function-lane/evidence/w111-g8-workday-20260925/misses.json;docs/function-lane/evidence/w111-5-20260924/misses.json;smart-fuzzer/planning/FUNCTION_STATUS_MAP.md#structural_bug_open;BUG_STREAM_REGISTER:BUG-FUNC-028;docs/function-lane/BIT_EXACT_STOCK_TAKE_20260922.md
FUNC.WORKDAY.INTL,consistent,,2026-09-25,20430,4800,4800,0,"W111 G8-04 fix (days floored), two fresh corpora incl. fractional WORKDAY.INTL: 4800/4800 on build 20430, all rows agree; was consistent; earlier: W111-5 fresh corpus 2026-09-24 on build 20430 (smart-fuzzer/tools/w111/gen_w111_5_batches.py seed 20260924): 1200/1200, all rows agree; was unverified; earlier: July structural_bug_open via BUG-FUNC-028; streams now closed_signed_off; conflict: July map said consistent, stock take says unverified; stock take wins; historical aggregate only (W111-5)",,,docs/function-lane/evidence/w111-g8-workday-20260925/misses.json;docs/function-lane/evidence/w111-5-20260924/misses.json;smart-fuzzer/planning/FUNCTION_STATUS_MAP.md#structural_bug_open;BUG_STREAM_REGISTER:BUG-FUNC-028;docs/function-lane/BIT_EXACT_STOCK_TAKE_20260922.md
FUNC.WRAPCOLS,consistent,,2026-07-02,pre-20430 (20026..20326; per-row build in evidence),,,,"July map bit_exact_observed (array_rollup runs, no non-match; not a closure claim)",,,smart-fuzzer/planning/FUNCTION_STATUS_MAP.md#bit_exact_observed
FUNC.WRAPROWS,consistent,,2026-07-02,pre-20430 (20026..20326; per-row build in evidence),,,,"July map bit_exact_observed (array_rollup runs, no non-match; not a closure claim)",,,smart-fuzzer/planning/FUNCTION_STATUS_MAP.md#bit_exact_observed
FUNC.XIRR,divergent,unmeasured,2026-07-12,pre-20430 (20026..20326; per-row build in evidence),,,,"July map bit_exact_observed (array_rollup runs, no non-match; not a closure claim); conflict: July map said consistent, stock take says divergent; stock take wins; solver on xnpv_kernel_raw; large-root precision inventory open",,,smart-fuzzer/planning/FUNCTION_STATUS_MAP.md#bit_exact_observed;docs/function-lane/BIT_EXACT_STOCK_TAKE_20260922.md
FUNC.XLOOKUP,unverified,,,,,,,July harness_pending: reference-return: OxCalc integration conformance lane,,harness:workbook,smart-fuzzer/planning/FUNCTION_STATUS_MAP.md#harness_pending
FUNC.XMATCH,consistent,,2026-07-02,pre-20430 (20026..20326; per-row build in evidence),,,,"July map bit_exact_observed (array_rollup runs, no non-match; not a closure claim)",,,smart-fuzzer/planning/FUNCTION_STATUS_MAP.md#bit_exact_observed
FUNC.XNPV,consistent,,2026-07-11,pre-20430 (20026..20326; per-row build in evidence),1705,1705,0,"July mixed_or_open: genuine non-match rows, no linked stream, untriaged (W111-6); conflict: July map said divergent, stock take says consistent; stock take wins; 1530/1530 + 175/175 error rows; x87 spill loop; characterized-candidate",,,smart-fuzzer/planning/FUNCTION_STATUS_MAP.md#mixed_or_open;docs/function-lane/BIT_EXACT_STOCK_TAKE_20260922.md
FUNC.XOR,divergent,structural,2026-09-15,pre-20430 (20026..20326; per-row build in evidence),,,,"July map bit_exact_observed (array_rollup runs, no non-match; not a closure claim); conflict: consistent below, open catalog row G1-02 above; catalog wins; catalog G1-02: direct text other than TRUE/FALSE raises #VALUE! where Excel ignores it; fix owned by oxf-xvt5.15",,,smart-fuzzer/planning/FUNCTION_STATUS_MAP.md#bit_exact_observed;docs/OXFUNC_EXCEL_DISCREPANCY_CATALOG.md#G1-02
FUNC.YEAR,consistent,,2026-07-02,pre-20430 (20026..20326; per-row build in evidence),,,,"July map bit_exact_observed (array_rollup runs, no non-match; not a closure claim)",,,smart-fuzzer/planning/FUNCTION_STATUS_MAP.md#bit_exact_observed
FUNC.YEARFRAC,consistent,,2026-09-25,20430,3006,3006,0,"W111 G8-05 YEARFRAC basis-1 fix and first live judging of the shared day-count users, two fresh corpora: 3006/3006 on build 20430, all rows agree; was divergent/structural; earlier: W111-5 fresh corpus 2026-09-24 on build 20430 (smart-fuzzer/tools/w111/gen_w111_5_batches.py seed 20260924): 1183/1503, misses {'gross': 295, 'last_bit': 9, 'structural': 16}; was unverified; earlier: July structural_bug_open via BUG-FUNC-028; streams now closed_signed_off; conflict: July map said consistent, stock take says unverified; stock take wins; 70% historical aggregate, current state unknown (W111-5)",,,docs/function-lane/evidence/w111-g8-yearfrac-20260925/misses.json;docs/function-lane/evidence/w111-5-20260924/misses.json;smart-fuzzer/planning/FUNCTION_STATUS_MAP.md#structural_bug_open;BUG_STREAM_REGISTER:BUG-FUNC-028;docs/function-lane/BIT_EXACT_STOCK_TAKE_20260922.md
FUNC.YIELD,divergent,numeric,2026-09-15,pre-20430 (20026..20326; per-row build in evidence),,,19,"July structural_bug_open via BUG-FUNC-031; streams now validated_local (fix not re-judged live): re-judge in W111-6; catalog G6-03: forward kernel exact; solver plateau publication, 19-ULP end-to-end witness",,,smart-fuzzer/planning/FUNCTION_STATUS_MAP.md#structural_bug_open;BUG_STREAM_REGISTER:BUG-FUNC-031;docs/OXFUNC_EXCEL_DISCREPANCY_CATALOG.md#G6-03
FUNC.YIELDDISC,consistent,,2026-06-20,pre-20430 (20026..20326; per-row build in evidence),,,,"July mixed_or_open: genuine non-match rows, no linked stream, untriaged (W111-6); conflict: July map said divergent, stock take says consistent; stock take wins; three-way replay bit-exact; small corpus",,,smart-fuzzer/planning/FUNCTION_STATUS_MAP.md#mixed_or_open;docs/function-lane/BIT_EXACT_STOCK_TAKE_20260922.md
FUNC.YIELDMAT,consistent,,2026-07-12,pre-20430 (20026..20326; per-row build in evidence),1250,1250,0,"July mixed_or_open: genuine non-match rows, no linked stream, untriaged (W111-6); conflict: July map said divergent, stock take says consistent; stock take wins",,,smart-fuzzer/planning/FUNCTION_STATUS_MAP.md#mixed_or_open;docs/function-lane/BIT_EXACT_STOCK_TAKE_20260922.md
FUNC.Z.TEST,divergent,unmeasured,2026-09-12,pre-20430 (20026..20326; per-row build in evidence),,,,July numeric_drift_open via BUG-FUNC-021; stream status open; 16.7%,,wall:erf-erfc-body,smart-fuzzer/planning/FUNCTION_STATUS_MAP.md#numeric_drift_open;BUG_STREAM_REGISTER:BUG-FUNC-021;docs/function-lane/BIT_EXACT_STOCK_TAKE_20260922.md;docs/function-lane/W109_WALL_CLUES_LEDGER.md
FUNC.ZTEST,divergent,unmeasured,2026-09-12,pre-20430 (20026..20326; per-row build in evidence),,,,"July map bit_exact_observed (array_rollup runs, no non-match; not a closure claim); conflict: July map said consistent, stock take says divergent; stock take wins; as Z.TEST",,wall:erf-erfc-body,smart-fuzzer/planning/FUNCTION_STATUS_MAP.md#bit_exact_observed;docs/function-lane/BIT_EXACT_STOCK_TAKE_20260922.md;docs/function-lane/W109_WALL_CLUES_LEDGER.md
